Dipole_X, Dipole_Y, Dipole_Z, Dipole_Total, X, Y, Z, Lipid_type
-33.6413,-24.2238,-12.5986,43.3273,-7.75,-7.75,2.0209,A
-6.05955,8.48021,-34.2104,35.7629,-6.95,-7.75,2.00048,C
-14.7407,15.384,-5.64119,22.0404,-6.15,-7.75,1.99937,B
-9.68898,4.69499,-8.34175,13.62,-5.35,-7.75,1.97994,B
-1.02893,-30.5743,-30.3427,43.0874,-4.55,-7.75,1.98851,A
7.96296,-32.4677,-13.8002,36.1664,-3.75,-7.75,2.00779,A
-2.54612,26.0879,-3.86088,26.4947,-2.95,-7.75,1.99451,A
15.866,2.89042,13.1302,20.7963,-2.15,-7.75,2.00407,B
1.89334,4.2095,-19.7756,20.3072,-1.35,-7.75,2.00052,B
-31.2354,5.28989,-1.95154,31.7403,-0.55,-7.75,1.99766,A
10.0058,-7.72978,-26.1926,29.0846,0.25,-7.75,1.99522,C
8.128,2.56863,-12.8669,15.4344,1.05,-7.75,1.99596,B
1.88904,4.38096,-23.5566,24.0349,1.85,-7.75,2.00963,C
2.74822,7.36908,-36.5563,37.3928,2.65,-7.75,2.01379,C
3.7318,11.6926,-13.0424,17.9094,3.45,-7.75,1.98443,B
-9.44596,-17.1394,7.73127,21.0418,4.25,-7.75,2.00581,B
-3.70636,3.8417,-1.49077,5.5424,5.05,-7.75,2.01448,B
3.40973,-10.2103,6.60036,12.627,5.85,-7.75,2.00513,B
14.9498,-13.0913,-30.3804,36.3022,6.65,-7.75,1.98797,A
4.68585,7.49146,-30.4545,31.7105,-7.75,-6.95,2.00734,A
-8.64945,9.43231,4.47972,13.5591,-6.95,-6.95,2.00799,B
-4.37375,-13.0522,-16.3457,21.3699,-6.15,-6.95,2.02223,A
-2.6539,12.965,-9.35221,16.2048,-5.35,-6.95,1.98391,B
-5.43156,-15.1183,-15.8524,22.569,-4.55,-6.95,2.00591,A
-0.253439,12.7914,-37.0417,39.1889,-3.75,-6.95,1.98297,C
-13.2301,-6.03095,-36.3832,39.1809,-2.95,-6.95,1.97344,C
14.0255,0.646791,-11.2014,17.9612,-2.15,-6.95,2.00361,A
-10.087,10.8299,-4.73236,15.538,-1.35,-6.95,2.00595,B
16.0914,-5.06716,-2.1705,17.0094,-0.55,-6.95,2.00213,B
6.93735,-0.901104,-33.4975,34.2202,0.25,-6.95,1.9767,C
7.32155,-31.1922,-18.3426,36.919,1.05,-6.95,1.99501,A
-19.2055,1.25341,-39.4186,43.8663,1.85,-6.95,1.9986,A
-11.9278,5.25737,-32.2491,34.7838,2.65,-6.95,1.99964,C
13.7153,4.74195,-14.6057,20.5894,3.45,-6.95,2.0004,B
13.1849,-31.005,-17.8208,38.1147,4.25,-6.95,1.99004,A
23.8892,16.9072,-9.95582,30.9138,5.05,-6.95,2.00178,A
13.4012,28.718,-10.5154,33.39,5.85,-6.95,1.99704,A
-5.24297,13.2208,-3.12608,14.5619,6.65,-6.95,2.01221,B
3.67531,5.80448,-38.462,39.0708,-7.75,-6.15,1.98927,C
-4.98785,13.8997,16.3857,22.0584,-6.95,-6.15,2.00039,B
-29.476,-14.1658,-25.1936,41.2822,-6.15,-6.15,2.0085,A
-21.3462,-10.2073,-26.4314,35.4749,-5.35,-6.15,2.00856,A
5.18146,4.00424,-35.3548,35.9561,-4.55,-6.15,2.00418,C
-5.6673,-6.88743,-42.8293,43.7482,-3.75,-6.15,1.99891,A
8.31741,-6.37095,-0.459632,10.4871,-2.95,-6.15,1.99106,B
-9.69256,20.8111,-25.4094,34.2445,-2.15,-6.15,2.00482,A
24.1408,-11.5263,-23.8653,35.8495,-1.35,-6.15,2.01906,A
18.7663,19.8303,4.26456,27.6334,-0.55,-6.15,2.00144,A
11.9847,-14.6936,2.85857,19.1757,0.25,-6.15,2.00027,A
-4.91606,-3.33062,-35.3588,35.8539,1.05,-6.15,1.99758,C
15.8651,2.20871,-2.35608,16.1905,1.85,-6.15,1.9928,B
20.5544,11.8492,-12.6167,26.8713,2.65,-6.15,1.98291,A
3.08522,-1.81374,-2.06504,4.1319,3.45,-6.15,2.01077,B
-28.0819,30.3516,-16.2109,44.414,4.25,-6.15,1.9885,A
-2.31602,-18.0735,-1.43353,18.2776,5.05,-6.15,2.00713,B
-8.89446,-0.291381,-5.67195,10.5531,5.85,-6.15,1.98494,B
12.5405,33.5247,-18.4914,40.2877,6.65,-6.15,2.00616,A
2.09773,15.6907,-19.501,25.1175,-7.75,-5.35,1.98877,A
-6.09301,3.74742,-1.01662,7.22505,-6.95,-5.35,1.99392,B
12.5571,8.38762,0.639237,15.1143,-6.15,-5.35,1.99524,B
-4.73369,-21.6942,3.02923,22.4103,-5.35,-5.35,1.99969,A
-7.63241,-9.97155,-17.0372,21.1649,-4.55,-5.35,1.98697,A
-8.23767,19.7824,-11.7623,24.4449,-3.75,-5.35,1.99699,B
13.2379,3.46865,-34.8894,37.4772,-2.95,-5.35,2.00391,C
15.3826,-6.14009,-25.8041,30.6623,-2.15,-5.35,1.99407,C
-30.0522,8.06439,-20.1063,37.0464,-1.35,-5.35,1.99421,A
3.04576,-1.49371,-31.3719,31.5548,-0.55,-5.35,2.00918,C
-33.3619,-18.507,-10.9334,39.6871,0.25,-5.35,2.01753,A
3.38492,9.91762,8.75441,13.6549,1.05,-5.35,1.98447,B
-23.5225,-9.07481,-15.475,29.5827,1.85,-5.35,1.99597,A
-37.7429,-1.47299,-2.46148,37.8518,2.65,-5.35,1.98794,A
0.0449697,-2.60962,-32.8271,32.9307,3.45,-5.35,2.00722,C
-6.59679,-31.3865,-7.55224,32.9495,4.25,-5.35,1.99668,A
-7.66718,-2.35583,-33.5487,34.4942,5.05,-5.35,2.01243,C
-29.1737,-0.31353,-21.4789,36.2291,5.85,-5.35,1.99018,A
-16.0621,-9.45794,-13.0445,22.7509,6.65,-5.35,2.00599,B
-19.7332,-9.74169,7.28356,23.1808,-7.75,-4.55,2.0014,B
8.02731,-15.9395,-7.94909,19.537,-6.95,-4.55,2.00257,B
12.6293,40.9875,-3.484,43.0304,-6.15,-4.55,1.99495,A
-20.1568,-3.1538,-29.4322,35.8119,-5.35,-4.55,1.99765,C
-2.51273,19.0772,-27.0725,33.2141,-4.55,-4.55,1.98958,A
8.10152,-3.35383,-7.19891,11.3449,-3.75,-4.55,1.99294,B
10.3953,33.0191,1.6277,34.655,-2.95,-4.55,1.98139,A
11.0194,-2.27426,4.20167,12.0105,-2.15,-4.55,2.01471,B
9.91631,2.71697,-4.64262,11.2814,-1.35,-4.55,1.97802,B
12.8461,-5.45289,6.03966,15.2064,-0.55,-4.55,2.00183,B
19.1431,-0.984858,1.73404,19.2467,0.25,-4.55,1.98078,B
-27.3175,-11.0604,-18.491,34.7922,1.05,-4.55,2.02082,A
-16.2879,-8.48609,-33.5921,38.285,1.85,-4.55,2.00267,C
-1.07386,-9.53354,-37.4639,38.6728,2.65,-4.55,2.00209,C
-14.5616,23.1759,3.39862,27.5811,3.45,-4.55,2.00088,A
2.60935,10.1071,-3.96275,11.1654,4.25,-4.55,1.99947,B
-23.9326,11.8172,-32.2172,41.8373,5.05,-4.55,2.00416,A
1.66889,36.2218,-2.28197,36.3319,5.85,-4.55,1.99344,A
-6.12283,-12.6649,-30.991,34.0343,6.65,-4.55,2.00094,C
12.1641,-1.46205,-32.4368,34.6735,-7.75,-3.75,1.98819,C
3.57429,-10.1608,23.0656,25.4566,-6.95,-3.75,2.01513,A
-37.1643,15.0088,-11.7518,41.7678,-6.15,-3.75,2.01476,A
-2.01188,36.0076,-11.4858,37.8486,-5.35,-3.75,2.00484,A
14.2989,-0.00931482,-16.9212,22.1537,-4.55,-3.75,2.01013,B
8.99532,-7.29524,-15.0793,19.0137,-3.75,-3.75,1.97502,B
-34.4976,-10.3594,2.40675,36.0998,-2.95,-3.75,1.99839,A
15.8814,-2.0026,-0.582531,16.0177,-2.15,-3.75,1.99841,B
14.9922,-5.75732,-32.2904,36.0636,-1.35,-3.75,2.00183,C
-13.016,-31.0872,-6.93657,34.4085,-0.55,-3.75,1.98822,A
10.2736,34.6125,-16.2033,39.5742,0.25,-3.75,1.99931,A
11.4863,-13.7813,-4.22718,18.4317,1.05,-3.75,2.01261,B
-2.81936,16.9203,-26.2134,31.3271,1.85,-3.75,2.00754,A
-13.563,-36.3898,-14.673,41.5147,2.65,-3.75,1.99693,A
-15.433,-15.8255,6.48314,23.0359,3.45,-3.75,2.00615,B
-21.8767,1.31787,-10.1061,24.1342,4.25,-3.75,2.00222,B
-0.386667,5.64654,-13.2903,14.4453,5.05,-3.75,1.98726,A
-27.2885,-2.29062,-7.07182,28.2828,5.85,-3.75,1.99635,A
7.47105,-0.304907,-23.7418,24.8914,6.65,-3.75,1.99997,C
-16.8356,-22.2892,-19.4864,34.0583,-7.75,-2.95,1.99714,A
4.18208,22.3141,-5.18717,23.2876,-6.95,-2.95,2.01009,A
-0.319851,-9.07078,3.9106,9.88302,-6.15,-2.95,2.01644,B
-1.86814,-9.83765,-16.3085,19.1373,-5.35,-2.95,1.9984,B
0.521538,6.29926,-24.0604,24.8768,-4.55,-2.95,2.00706,C
-12.9788,13.0066,-11.6972,21.7818,-3.75,-2.95,1.99434,B
-2.56338,2.6907,-34.5875,34.7866,-2.95,-2.95,1.99985,A
13.9456,-0.917802,8.99447,16.6199,-2.15,-2.95,2.00385,B
20.933,-11.2257,-6.01288,24.5023,-1.35,-2.95,2.00201,A
-5.70974,15.6821,-4.12125,17.1905,-0.55,-2.95,2.01035,A
0.710108,21.2719,-25.9043,33.5266,0.25,-2.95,2.01191,A
-3.02733,4.42625,-6.15777,8.16545,1.05,-2.95,1.99848,B
-25.3483,-22.6425,-12.7842,36.3133,1.85,-2.95,2.00018,A
-2.68388,-24.3207,-1.55348,24.5176,2.65,-2.95,1.98162,B
-41.8405,-9.35899,-10.8389,44.2233,3.45,-2.95,2.00478,A
-3.44785,-23.8774,-22.2091,32.7912,4.25,-2.95,2.00125,C
-25.121,26.0941,-12.6042,38.3515,5.05,-2.95,1.99668,A
-0.866394,28.9198,-29.6987,41.4623,5.85,-2.95,1.99042,A
13.8236,3.62899,-35.044,37.8463,6.65,-2.95,2.00084,C
-10.0588,-14.4815,-32.2756,36.7778,-7.75,-2.15,2.01236,A
-20.6346,-1.61974,6.00809,21.5525,-6.95,-2.15,2.00721,B
-8.20739,19.8508,-11.2693,24.2572,-6.15,-2.15,2.00767,B
0.642864,-3.19081,-33.9626,34.1182,-5.35,-2.15,1.98197,C
16.7351,6.48884,2.50643,18.1232,-4.55,-2.15,2.00592,B
-8.47259,0.3054,-24.4484,25.8767,-3.75,-2.15,1.98952,C
-15.5379,5.66763,8.54787,18.6176,-2.95,-2.15,2.00767,B
3.74016,-2.28889,-36.5968,36.8585,-2.15,-2.15,2.00749,C
-22.1249,23.3415,-7.59418,33.0456,-1.35,-2.15,2.02449,A
-8.94997,0.145483,-30.8289,32.1021,-0.55,-2.15,1.99481,C
2.90381,24.9128,-32.7685,41.2657,0.25,-2.15,1.97638,A
-3.22175,-6.30247,-2.30173,7.44304,1.05,-2.15,1.99766,B
11.0905,-5.10036,-42.4634,44.1832,1.85,-2.15,2.00825,A
-5.87191,2.52207,-32.0916,32.7217,2.65,-2.15,2.00608,C
-3.09761,5.98059,0.255947,6.74004,3.45,-2.15,2.00729,B
-1.79992,20.3791,-11.2607,23.3527,4.25,-2.15,1.98177,B
9.69216,7.9382,-29.9953,32.5065,5.05,-2.15,1.98941,C
-1.89088,9.66715,-5.18194,11.1302,5.85,-2.15,2.00643,B
-10.5424,12.1136,-37.2869,40.598,6.65,-2.15,2.0034,A
-16.4452,14.6141,-37.7901,43.7277,-7.75,-1.35,2.01085,A
15.2193,-14.4474,-30.6588,37.1526,-6.95,-1.35,2.00917,C
-4.19173,15.2509,-35.2084,38.5978,-6.15,-1.35,1.99248,A
17.4043,6.98229,-4.79959,19.3571,-5.35,-1.35,1.99375,B
7.88881,11.9318,-1.62034,14.3954,-4.55,-1.35,1.9843,B
4.11855,-9.15928,-14.7892,17.8767,-3.75,-1.35,2.0074,A
12.6047,-20.937,2.80657,24.5991,-2.95,-1.35,2.0095,B
-13.3171,-27.1492,-26.7989,40.4055,-2.15,-1.35,1.99152,A
1.03974,-0.525742,-35.6384,35.6574,-1.35,-1.35,1.98906,C
-8.34605,-0.794744,-19.7804,21.4838,-0.55,-1.35,1.99784,B
-22.8041,-12.4286,-14.9798,29.9816,0.25,-1.35,2.00509,A
-13.9214,10.2506,7.84652,18.9855,1.05,-1.35,2.00746,B
-10.7307,1.99297,-9.89428,14.7315,1.85,-1.35,1.99374,B
-16.7299,1.89293,-7.60714,18.4754,2.65,-1.35,1.99532,B
-16.0079,-8.40678,-32.9808,37.612,3.45,-1.35,2.0072,C
15.764,0.48328,-34.988,38.3783,4.25,-1.35,1.99196,C
10.2805,-9.70995,0.599141,14.1538,5.05,-1.35,1.99183,B
2.03752,1.92143,-3.44349,4.43858,5.85,-1.35,1.98756,B
-8.18391,-27.8431,-30.7679,42.2951,6.65,-1.35,1.99401,A
14.4483,-39.8218,-13.3694,44.4215,-7.75,-0.55,1.99374,A
3.38948,-13.2092,-32.909,35.6226,-6.95,-0.55,2.00105,C
3.82363,-6.15692,-30.9608,31.7978,-6.15,-0.55,2.02784,C
-29.9693,10.671,-31.6644,44.885,-5.35,-0.55,1.99544,A
16.2016,-3.19107,-9.77695,19.1902,-4.55,-0.55,1.99369,B
13.9742,3.04309,16.5501,21.8734,-3.75,-0.55,2.00302,B
-4.97874,-11.902,-19.0157,22.9792,-2.95,-0.55,1.99824,A
-13.0622,1.50488,-16.5201,21.1139,-2.15,-0.55,1.99378,A
-9.59772,-19.8351,-9.60441,24.0373,-1.35,-0.55,2.0039,A
3.70434,-4.72277,11.9985,13.4161,-0.55,-0.55,2.00005,B
13.7911,-8.24325,-31.1985,35.0926,0.25,-0.55,2.00322,C
-6.19744,17.9267,-4.3434,19.4587,1.05,-0.55,1.97361,A
-16.076,-18.2195,-3.7836,24.5907,1.85,-0.55,1.99455,B
-3.52594,31.1204,-29.7211,43.1771,2.65,-0.55,2.00669,A
-18.2145,25.1115,-21.2656,37.6109,3.45,-0.55,1.98494,A
13.4937,11.7928,9.7301,20.3918,4.25,-0.55,1.99848,B
12.7603,-1.12046,-18.4143,22.4314,5.05,-0.55,1.99693,A
-14.315,-4.23343,-27.2112,31.0369,5.85,-0.55,1.99194,C
-21.2116,31.5927,-1.84845,38.0979,6.65,-0.55,1.98181,A
-19.2809,8.15353,1.28911,20.9737,-7.75,0.25,2.00927,B
9.09181,1.08927,-28.2136,29.6624,-6.95,0.25,2.01172,C
28.1881,-7.50387,-15.6462,33.1011,-6.15,0.25,1.99428,A
-3.30038,-11.9136,4.48164,13.1496,-5.35,0.25,2.00236,B
-0.709783,-10.723,-35.5563,37.1448,-4.55,0.25,2.0076,C
-0.314984,25.0391,-11.2169,27.4386,-3.75,0.25,2.0045,A
-5.44466,-4.58592,-38.5095,39.1619,-2.95,0.25,2.00058,C
-14.6708,-13.3785,13.8434,24.2044,-2.15,0.25,1.99428,B
-2.72421,3.40949,-7.61229,8.77456,-1.35,0.25,2.01924,B
-2.78292,-8.65472,13.712,16.452,-0.55,0.25,1.99956,B
-6.54339,12.9367,7.13595,16.1584,0.25,0.25,2.00508,B
-35.7038,-16.0282,-19.9044,43.9073,1.05,0.25,1.98835,A
-15.7119,-16.7028,-17.1725,28.6486,1.85,0.25,1.98979,A
-2.15754,-37.6201,-6.80798,38.2919,2.65,0.25,2.01229,A
-4.01249,2.63064,3.26868,5.80557,3.45,0.25,2.01462,B
-4.6764,3.37321,-36.5521,37.0041,4.25,0.25,1.98703,A
-16.4866,-27.666,23.1936,39.6882,5.05,0.25,1.99935,A
-2.8725,-1.63549,-32.5278,32.6953,5.85,0.25,1.9866,A
15.267,3.62522,-26.6323,30.9112,6.65,0.25,2.01535,C
-10.2456,-11.6977,12.9545,20.2393,-7.75,1.05,2.00867,B
12.9066,-7.10711,0.675372,14.7495,-6.95,1.05,2.01275,B
0.0668052,-3.97798,-28.1103,28.3904,-6.15,1.05,2.00609,C
-5.45203,-4.00131,6.35619,9.28096,-5.35,1.05,1.99137,B
-9.71267,-1.44144,10.4295,14.3244,-4.55,1.05,1.99729,B
-10.0057,-12.0496,-6.63758,17.0107,-3.75,1.05,1.99423,B
-3.87821,13.9161,-0.448542,14.4533,-2.95,1.05,2.0079,B
-12.2662,16.9795,-25.353,32.8867,-2.15,1.05,1.98818,C
-6.97243,5.64733,-2.40241,9.28863,-1.35,1.05,2.01121,B
-32.1088,13.6877,3.6648,35.0964,-0.55,1.05,1.98606,A
9.85972,21.7247,-27.7365,36.5854,0.25,1.05,2.01161,A
-12.272,-15.8574,-7.71378,21.484,1.05,1.05,1.98453,B
-1.80654,-20.2186,-6.70592,21.3781,1.85,1.05,1.99652,B
-5.7059,-9.6384,-36.5168,38.196,2.65,1.05,1.99641,A
-39.0161,-2.13811,-12.3005,40.965,3.45,1.05,2.0084,A
-24.6132,-2.95891,-26.5946,36.3571,4.25,1.05,2.0077,A
-14.5838,12.4589,-33.324,38.45,5.05,1.05,2.00438,C
15.8663,25.1358,-16.5828,34.0373,5.85,1.05,1.98549,A
6.41642,19.6814,-12.9674,24.4271,6.65,1.05,2.00406,B
13.5618,4.32619,-4.79287,15.0203,-7.75,1.85,2.00388,B
24.3566,18.8306,-20.1315,36.7847,-6.95,1.85,1.99146,A
-0.941884,0.0680024,-26.3422,26.3591,-6.15,1.85,2.00109,C
-9.5569,5.67356,-40.0344,41.5485,-5.35,1.85,2.00147,A
10.3725,-8.93428,3.409,14.1079,-4.55,1.85,2.00602,B
-14.0189,-20.3376,-22.8985,33.6822,-3.75,1.85,2.0077,A
-15.188,-16.5116,-9.10948,24.2135,-2.95,1.85,1.99563,B
-24.8209,12.1696,-30.3443,41.0482,-2.15,1.85,1.99532,A
10.547,9.61011,-17.3792,22.4862,-1.35,1.85,2.0002,A
6.65243,5.42865,-37.582,38.5504,-0.55,1.85,1.97905,A
-22.8496,5.91152,-31.627,39.4628,0.25,1.85,2.00341,A
7.27833,-11.3749,2.8929,13.8106,1.05,1.85,1.99896,B
-2.2351,-19.538,2.42317,19.8142,1.85,1.85,2.00343,B
-7.85864,-6.31068,-33.3655,34.8546,2.65,1.85,1.98693,A
9.78764,-13.5919,-29.0522,33.5346,3.45,1.85,1.99212,C
-0.0754324,9.82408,4.74144,10.9087,4.25,1.85,2.00164,B
-24.6246,-18.972,-20.6302,37.3084,5.05,1.85,1.99273,A
6.99213,4.60165,-38.0821,38.9912,5.85,1.85,2.0091,C
-2.4487,-15.9426,-27.3329,31.7372,6.65,1.85,1.99978,A
19.2734,-9.40137,-30.3426,37.1554,-7.75,2.65,1.98396,A
10.9392,11.5027,-2.65837,16.0949,-6.95,2.65,1.99267,B
-18.2446,17.9083,-15.442,29.8669,-6.15,2.65,1.99844,A
16.475,6.1378,12.6393,21.6529,-5.35,2.65,1.98444,B
-5.48573,-14.7462,-28.6254,32.6643,-4.55,2.65,1.99601,A
-13.4141,-5.76433,5.60524,15.6392,-3.75,2.65,2.00857,B
-0.493948,8.69494,-3.67769,9.45364,-2.95,2.65,1.99696,B
-20.6707,-25.8495,-15.8313,36.6893,-2.15,2.65,2.01287,A
7.50148,22.3538,-3.90721,23.9005,-1.35,2.65,2.00974,B
14.8467,7.39951,2.26962,16.743,-0.55,2.65,2.00603,B
26.2627,1.74893,-35.4723,44.1709,0.25,2.65,2.00891,A
-8.3607,9.82438,-5.90941,14.1895,1.05,2.65,1.99299,A
20.1065,3.04676,-22.5274,30.3486,1.85,2.65,1.98593,A
16.345,9.39121,0.197113,18.8519,2.65,2.65,2.0048,B
-6.49039,10.9049,-3.10828,13.0653,3.45,2.65,2.01401,B
-8.55743,-13.7378,-6.72439,17.5264,4.25,2.65,2.01349,B
16.1537,2.725,-13.4139,21.1731,5.05,2.65,1.98789,A
5.60628,4.02348,-5.80159,9.01538,5.85,2.65,1.98954,B
-9.04987,4.70483,-33.5793,35.0942,6.65,2.65,2.00152,C
-23.8756,-21.0207,-24.8641,40.375,-7.75,3.45,1.99956,A
9.07704,-28.6263,-12.8505,32.6648,-6.95,3.45,1.99025,A
-7.55256,-30.7909,-8.83553,32.9118,-6.15,3.45,2.02269,A
9.59279,-6.50478,-11.0471,16.0116,-5.35,3.45,1.98658,B
2.35682,-8.55624,-38.1356,39.1547,-4.55,3.45,2.00529,C
7.50448,22.3697,-0.490341,23.6,-3.75,3.45,1.99906,B
-12.7839,34.9974,-20.9199,42.7304,-2.95,3.45,2.0002,A
1.62852,4.95096,-27.9306,28.4127,-2.15,3.45,2.00506,A
9.1298,0.855915,-31.6223,32.925,-1.35,3.45,2.01334,C
5.64269,-11.9039,-30.1392,32.8925,-0.55,3.45,2.01211,C
0.844397,3.37654,-12.9922,13.4503,0.25,3.45,2.00181,B
24.5004,1.67321,-16.6313,29.6593,1.05,3.45,1.99927,A
0.892617,2.70715,-35.9431,36.056,1.85,3.45,1.99086,C
6.18542,2.27041,-38.5693,39.1281,2.65,3.45,1.9964,C
-4.42316,-2.40278,-23.7943,24.3209,3.45,3.45,1.99891,C
-14.348,24.7955,-25.1,38.088,4.25,3.45,1.98915,A
12.7847,-14.6416,-3.65143,19.7777,5.05,3.45,2.00103,B
-5.46057,-1.19876,-31.5923,32.0831,5.85,3.45,2.00324,C
6.28576,17.0064,4.61357,18.7086,6.65,3.45,1.9925,B
1.4807,-4.72681,-33.7596,34.121,-7.75,4.25,1.99683,C
2.91674,22.8133,6.42722,23.8802,-6.95,4.25,2.0019,B
9.72743,23.1358,-31.835,40.5383,-6.15,4.25,1.99529,A
5.30053,-6.11686,-18.9318,20.5894,-5.35,4.25,1.99053,C
-3.53432,-7.11282,1.05193,8.01188,-4.55,4.25,1.98958,B
-14.5197,2.88603,2.45532,15.006,-3.75,4.25,2.00189,B
7.43297,-2.11832,4.18698,8.79017,-2.95,4.25,1.99297,B
22.0341,-7.63733,-26.4517,35.2636,-2.15,4.25,2.00135,A
0.415392,13.0457,0.891322,13.0827,-1.35,4.25,1.98995,B
37.9412,3.36541,2.82669,38.1949,-0.55,4.25,1.99597,A
3.33394,13.33,-27.0212,30.3142,0.25,4.25,2.0102,C
0.504831,10.5619,-23.7338,25.9828,1.05,4.25,2.00215,A
0.915874,-21.7357,-2.18527,21.8644,1.85,4.25,1.99807,B
13.7519,1.35932,-17.4027,22.222,2.65,4.25,1.9925,A
-19.3499,0.513713,-25.7574,32.22,3.45,4.25,2.0097,A
5.67643,33.3656,-12.8406,36.199,4.25,4.25,1.98522,A
2.71637,-16.3944,6.17475,17.728,5.05,4.25,1.99824,A
17.4836,28.4842,-20.4475,39.1807,5.85,4.25,2.01235,A
-17.026,23.6424,-29.4784,41.4467,6.65,4.25,1.98605,A
-3.80396,-7.22817,14.1795,16.3638,-7.75,5.05,1.99397,B
17.696,-5.10504,-13.9696,23.1162,-6.95,5.05,1.99185,B
-3.47592,-9.64744,-35.8946,37.3307,-6.15,5.05,1.99333,C
12.961,-7.20424,-8.80905,17.2479,-5.35,5.05,1.99685,B
-6.46085,19.2065,-34.3323,39.8666,-4.55,5.05,1.99854,A
10.908,-4.47471,11.3988,16.3994,-3.75,5.05,2.00854,B
-9.66709,6.55778,-19.038,22.3361,-2.95,5.05,1.99417,B
-8.46671,33.7048,-18.3079,39.2795,-2.15,5.05,1.99826,A
10.0581,0.225957,20.6432,22.9643,-1.35,5.05,2.0093,B
-5.54853,-3.49588,-23.4836,24.3821,-0.55,5.05,1.9834,C
-9.22135,-12.0295,-16.3212,22.2738,0.25,5.05,1.99714,B
15.0133,13.088,-1.00853,19.9427,1.05,5.05,2.00244,B
10.0837,-14.8188,-11.3593,21.2206,1.85,5.05,2.00185,B
-31.9072,-12.3721,-17.4994,38.4365,2.65,5.05,1.99276,A
-21.9837,13.5085,-20.3861,32.884,3.45,5.05,1.98705,A
-42.2941,0.530338,-15.8089,45.1553,4.25,5.05,2.02072,A
-2.71369,19.3041,-28.0138,34.1289,5.05,5.05,1.9975,A
7.48365,-13.3484,4.62056,15.9855,5.85,5.05,2.00314,B
-36.0484,-6.0807,-0.776079,36.5659,6.65,5.05,1.98736,A
6.03907,-10.662,-10.0799,15.8668,-7.75,5.85,2.01371,B
12.7172,8.27202,10.8663,18.6609,-6.95,5.85,1.99842,B
1.84493,8.21464,0.0541023,8.41944,-6.15,5.85,2.01917,B
5.15247,-15.85,-8.17737,18.5645,-5.35,5.85,2.00471,B
12.4161,6.55426,-0.156501,14.0408,-4.55,5.85,2.00965,B
10.2625,3.79547,6.71098,12.836,-3.75,5.85,2.00423,B
-10.6709,-9.24543,13.9141,19.823,-2.95,5.85,1.99021,B
-6.14581,-8.53142,0.939374,10.5564,-2.15,5.85,2.00303,B
12.1742,-13.3325,-11.6375,21.4802,-1.35,5.85,2.0076,B
5.38457,-6.15835,-42.9417,43.7139,-0.55,5.85,2.00633,A
-8.37933,0.644563,17.6332,19.5336,0.25,5.85,1.9737,B
0.945663,-7.59833,-23.0749,24.3121,1.05,5.85,1.99005,C
0.0535581,15.638,-3.06725,15.9361,1.85,5.85,2.02312,B
-7.9009,-18.6904,5.72296,21.0834,2.65,5.85,2.00842,B
21.9484,-8.24718,7.3474,24.5709,3.45,5.85,1.9826,B
10.7185,-8.54361,0.602184,13.7201,4.25,5.85,2.01082,B
7.43993,-12.1193,-30.2084,33.3883,5.05,5.85,2.00216,C
14.6618,12.249,-33.1974,38.3024,5.85,5.85,2.02567,C
-9.86154,-12.1279,-9.92064,18.5137,6.65,5.85,2.00165,B
8.54666,15.396,9.19062,19.8633,-7.75,6.65,2.0031,B
8.10756,-7.80748,20.4553,23.3475,-6.95,6.65,2.00759,B
-24.8395,23.7098,-13.9347,37.0585,-6.15,6.65,1.99028,A
-13.9105,11.8598,1.93213,18.3818,-5.35,6.65,1.98454,B
-7.87932,15.6141,-31.6779,36.1853,-4.55,6.65,1.98326,C
-18.932,1.76426,-18.6266,26.6173,-3.75,6.65,1.99266,A
-14.756,8.15749,-27.0188,31.8481,-2.95,6.65,2.00152,C
-20.2668,-6.98584,-10.1569,23.7214,-2.15,6.65,1.99651,B
-2.41183,-4.53381,-33.8573,34.2445,-1.35,6.65,1.99477,C
1.72031,-6.52084,-24.2046,25.1265,-0.55,6.65,2.01023,A
4.64568,9.59126,-21.5809,24.0689,0.25,6.65,2.01838,C
-16.1981,11.0537,-33.7866,39.0653,1.05,6.65,2.003,C
3.30664,3.88667,-5.11332,7.22399,1.85,6.65,2.00894,B
-9.11175,-4.80818,-27.2047,29.0902,2.65,6.65,1.99955,C
-11.2224,-9.04803,11.6916,18.5608,3.45,6.65,1.9983,B
-6.07725,21.0403,-3.12956,22.1229,4.25,6.65,1.98768,B
15.3596,-1.39187,2.5341,15.6293,5.05,6.65,1.99504,B
-5.15445,-1.1144,-17.1864,17.9773,5.85,6.65,1.99322,B
6.52047,10.9454,-15.428,20.0085,6.65,6.65,1.99884,B
2.19592,-27.4895,-24.7097,37.0278,-7.75,-7.75,-2.00867,A
-1.53871,-17.5144,7.74256,19.2112,-6.95,-7.75,-1.98673,B
-13.4477,6.76538,3.11135,15.3717,-6.15,-7.75,-2.00524,B
16.4486,-2.3685,6.82403,17.9648,-5.35,-7.75,-2.0012,B
-19.1093,-3.36852,-12.9984,23.3553,-4.55,-7.75,-1.98825,A
-6.35067,-5.03097,4.33043,9.18664,-3.75,-7.75,-2.00758,B
-6.83835,8.1896,-31.9579,33.6919,-2.95,-7.75,-2.01257,A
-2.54777,5.63002,-2.46883,6.65457,-2.15,-7.75,-1.97555,B
-14.3937,-25.2941,-8.82236,30.4106,-1.35,-7.75,-2.0016,A
21.6137,-3.52925,4.8686,22.4346,-0.55,-7.75,-1.99861,B
-1.07938,4.44847,-11.236,12.1326,0.25,-7.75,-2.00033,C
-10.4662,19.1927,-10.2736,24.1547,1.05,-7.75,-2.00165,B
-13.8732,-13.3724,14.6446,24.2023,1.85,-7.75,-2.00288,B
-13.7136,1.10849,7.56574,15.7014,2.65,-7.75,-2.00007,B
13.5385,4.75085,-0.240074,14.3498,3.45,-7.75,-2.00129,B
0.270923,9.49607,-18.6501,20.9303,4.25,-7.75,-2.00279,A
0.418341,8.45547,-5.54973,10.1227,5.05,-7.75,-1.99616,B
-2.95839,13.951,-7.63906,16.1783,5.85,-7.75,-1.9842,A
-13.792,23.0933,-26.2023,37.551,6.65,-7.75,-2.00731,A
-1.10541,8.55535,-23.4183,24.9566,-7.75,-6.95,-1.984,A
18.6597,1.95709,15.3741,24.2565,-6.95,-6.95,-2.01212,B
8.33547,-42.4141,-3.79202,43.3914,-6.15,-6.95,-2.0074,A
2.78173,1.15545,-3.80887,4.85598,-5.35,-6.95,-1.99455,B
12.0238,3.27961,-35.7519,37.8619,-4.55,-6.95,-1.98614,C
-3.89315,1.65847,-8.20183,9.22915,-3.75,-6.95,-2.00176,A
27.5275,11.8169,-16.3657,34.1356,-2.95,-6.95,-2.00432,A
-2.78326,8.75856,-5.55966,10.741,-2.15,-6.95,-2.01525,B
-6.88895,5.75349,-27.7068,29.1244,-1.35,-6.95,-2.01389,A
-2.47896,18.1687,-5.20439,19.0613,-0.55,-6.95,-2.00386,B
-18.817,0.996024,-8.18789,20.5454,0.25,-6.95,-1.99376,A
9.01769,1.68535,-4.31064,10.1361,1.05,-6.95,-2.01409,B
-9.37816,-11.004,14.3308,20.357,1.85,-6.95,-2.00469,B
-10.9458,9.73653,-13.4581,19.893,2.65,-6.95,-1.99625,B
7.94495,-8.15809,-18.6378,21.8413,3.45,-6.95,-2.01867,B
-8.50287,-5.76683,-34.8554,36.3381,4.25,-6.95,-2.00133,C
-32.2709,24.6729,-17.8479,44.3702,5.05,-6.95,-2.00304,A
12.1644,4.65787,-2.16408,13.2042,5.85,-6.95,-2.01874,B
-5.56598,8.18122,-32.9356,34.39,6.65,-6.95,-1.99977,C
8.56093,-15.5885,-40.4165,44.1564,-7.75,-6.15,-1.97771,A
-5.42278,-10.4241,-30.411,32.6021,-6.95,-6.15,-1.99547,C
-7.43407,-6.70885,-34.4356,35.862,-6.15,-6.15,-2.00251,C
19.0334,4.41908,-5.23546,20.2289,-5.35,-6.15,-2.01504,B
16.3115,6.2458,-9.15783,19.7216,-4.55,-6.15,-2.00644,A
-0.0756618,7.66658,-44.5608,45.2156,-3.75,-6.15,-1.9901,A
6.88534,3.81069,1.39704,7.99256,-2.95,-6.15,-1.99772,B
-13.2628,-13.1526,-35.8134,40.3918,-2.15,-6.15,-1.97686,A
-0.420283,-3.45854,-1.32508,3.72746,-1.35,-6.15,-1.99117,B
24.1459,19.1173,-30.5373,43.3708,-0.55,-6.15,-2.00756,A
-1.91568,-16.0914,-21.961,27.2926,0.25,-6.15,-1.99729,A
-11.0017,26.3104,-22.7082,36.4546,1.05,-6.15,-2.01508,A
-10.4771,-6.29461,-26.3707,29.0656,1.85,-6.15,-2.00626,C
36.9509,-11.1735,-17.7977,42.5086,2.65,-6.15,-1.99016,A
-1.70593,-34.7727,-26.3899,43.6862,3.45,-6.15,-1.98462,A
7.98338,3.15725,-42.0872,42.9539,4.25,-6.15,-1.99867,A
-19.0555,-7.38519,8.90301,22.2917,5.05,-6.15,-2.00664,B
7.29927,25.7939,-36.5405,45.319,5.85,-6.15,-2.00373,A
12.2724,-5.90895,-19.0039,23.3811,6.65,-6.15,-1.98853,A
-14.0382,40.7055,-5.90384,43.461,-7.75,-5.35,-1.98623,A
-10.94,-4.05815,-19.6416,22.8461,-6.95,-5.35,-2.01485,B
9.7802,-13.1576,-13.8612,21.4688,-6.15,-5.35,-1.99712,B
-26.7708,8.02929,-18.1721,33.3372,-5.35,-5.35,-2.00583,A
-10.6191,9.21342,-38.5618,41.0447,-4.55,-5.35,-2.00071,A
4.86315,15.9508,-9.05934,18.9777,-3.75,-5.35,-1.99135,A
-28.1807,-4.91796,-30.419,41.7571,-2.95,-5.35,-1.99524,A
1.95663,19.95,14.1606,24.5429,-2.15,-5.35,-1.99024,B
14.7405,4.50032,-19.4524,24.8179,-1.35,-5.35,-1.99657,C
10.3178,-18.6951,-3.26683,21.6018,-0.55,-5.35,-1.99761,A
13.8937,12.5116,-2.3179,18.84,0.25,-5.35,-2.00742,B
17.9124,-4.41234,1.97499,18.5533,1.05,-5.35,-2.00859,B
12.8514,-3.60085,1.8687,13.4765,1.85,-5.35,-2.00958,B
5.06266,-5.02644,-23.7046,24.7549,2.65,-5.35,-1.99545,C
12.1475,-28.4985,-21.8611,37.9161,3.45,-5.35,-2.01195,A
-20.7759,0.207159,-0.0393964,20.777,4.25,-5.35,-1.99269,B
10.9098,19.2028,-38.6138,44.4837,5.05,-5.35,-1.99263,A
-30.3361,15.8037,-11.4559,36.0732,5.85,-5.35,-1.99252,A
-17.865,-31.4615,-24.5141,43.7027,6.65,-5.35,-1.99469,A
-17.7399,-10.9199,12.606,24.3487,-7.75,-4.55,-1.99206,B
0.917837,-2.05782,-38.0946,38.1612,-6.95,-4.55,-2.01615,C
-9.75454,18.8502,-4.39795,21.6754,-6.15,-4.55,-1.99025,B
9.47738,-15.5584,-39.8285,43.7972,-5.35,-4.55,-1.99931,A
17.0266,-14.9976,-22.8652,32.2126,-4.55,-4.55,-2.00774,A
-4.87915,-0.206345,-16.6878,17.3877,-3.75,-4.55,-2.00803,B
20.098,-5.97031,-1.17397,20.9989,-2.95,-4.55,-2.01827,B
8.85866,28.6198,-23.6789,38.1872,-2.15,-4.55,-2.02399,A
-3.87226,1.46843,-36.4667,36.7011,-1.35,-4.55,-1.99341,C
-15.8439,14.3002,-23.7328,31.9182,-0.55,-4.55,-2.01833,A
12.9816,-9.19831,-7.15282,17.444,0.25,-4.55,-2.01192,B
7.73691,-17.4614,-29.6613,35.2782,1.05,-4.55,-1.98842,C
-28.4787,-12.6478,-8.70162,32.3531,1.85,-4.55,-2.00407,A
-11.5013,-7.60948,-4.74281,14.5835,2.65,-4.55,-1.99755,B
15.6029,-10.1732,-3.88987,19.0283,3.45,-4.55,-1.99123,B
-1.95194,-12.1029,-1.37891,12.3366,4.25,-4.55,-2.009,B
21.0889,-2.64198,-16.3236,26.799,5.05,-4.55,-2.00838,A
-5.08396,-23.5627,-19.1104,30.7612,5.85,-4.55,-1.99244,A
3.90645,-24.0023,33.9456,41.7573,6.65,-4.55,-1.99209,A
-27.8745,21.1792,12.5739,37.1974,-7.75,-3.75,-2.00213,A
5.52078,2.80146,-29.1285,29.7791,-6.95,-3.75,-1.9929,C
15.0188,0.55236,6.56842,16.4017,-6.15,-3.75,-1.98962,B
-30.0858,7.3848,-11.8371,33.1633,-5.35,-3.75,-1.99547,A
-7.08402,3.01605,-8.8142,11.7034,-4.55,-3.75,-2.02057,B
0.120075,-5.35314,-25.2317,25.7936,-3.75,-3.75,-2.01584,C
-17.3374,4.88838,-4.0245,18.4574,-2.95,-3.75,-1.99258,B
9.7704,5.81899,-22.7486,25.4327,-2.15,-3.75,-2,A
-1.63645,-1.63028,-27.9323,28.0276,-1.35,-3.75,-2.01262,A
8.23855,-9.88454,-29.0763,31.7964,-0.55,-3.75,-2.00324,C
-2.0763,-38.9527,-10.4633,40.3869,0.25,-3.75,-1.99058,A
3.89767,-17.2891,-4.17806,18.2089,1.05,-3.75,-2.00147,B
2.49483,5.65422,-2.17359,6.55125,1.85,-3.75,-2.00808,B
-19.7883,14.079,-1.30869,24.3209,2.65,-3.75,-1.98699,B
8.48714,35.3995,-26.5451,45.0533,3.45,-3.75,-1.98389,A
1.01917,-17.188,-10.669,20.2557,4.25,-3.75,-1.97735,B
1.76583,3.95027,-11.7677,12.538,5.05,-3.75,-2.00645,A
-24.3014,1.7986,-23.5944,33.9189,5.85,-3.75,-2.00998,A
2.97163,9.12543,-11.032,14.6222,6.65,-3.75,-1.98538,A
10.4797,-7.23916,-10.6756,16.6192,-7.75,-2.95,-2.00507,B
1.15633,22.2475,3.50756,22.5519,-6.95,-2.95,-1.99813,B
4.51239,18.213,10.6945,21.5974,-6.15,-2.95,-1.99289,B
-13.4444,-31.8972,-19.0407,39.5061,-5.35,-2.95,-1.99878,A
-16.8531,8.90577,5.80698,19.9264,-4.55,-2.95,-2.00136,B
-18.6362,-0.723087,2.16755,18.7758,-3.75,-2.95,-2.01665,B
-7.83174,12.2453,-32.6077,35.7008,-2.95,-2.95,-1.99273,C
-0.90479,-1.83078,-2.81023,3.47387,-2.15,-2.95,-2.00328,B
-9.78954,-12.5187,-1.3682,15.9507,-1.35,-2.95,-2.01811,B
6.44743,9.42435,-35.84,37.6151,-0.55,-2.95,-2.00542,A
3.12589,11.2511,-22.6759,25.506,0.25,-2.95,-1.99964,C
-2.9214,2.00348,-10.8615,11.4246,1.05,-2.95,-2.01327,B
16.9021,13.3646,-14.4249,25.9301,1.85,-2.95,-2.01567,A
13.2093,5.103,-24.5472,28.3389,2.65,-2.95,-2.01225,C
-3.54487,-15.3459,-25.9712,30.3738,3.45,-2.95,-2.00913,A
-15.5039,6.61498,10.3021,19.755,4.25,-2.95,-2.00569,B
-6.86183,13.0914,-29.6738,33.1512,5.05,-2.95,-2.0179,C
-0.470724,12.1917,-34.6713,36.7554,5.85,-2.95,-2.00818,C
-21.9557,13.4698,14.5294,29.5735,6.65,-2.95,-2.00331,A
-16.5724,-7.92856,-17.2296,25.1866,-7.75,-2.15,-1.98901,A
-5.81614,3.66067,-21.2976,22.3789,-6.95,-2.15,-1.9979,C
-14.712,27.5063,-7.4336,32.0671,-6.15,-2.15,-2.01005,A
25.7565,-3.89131,-36.0818,44.5021,-5.35,-2.15,-2.01499,A
-12.969,11.8236,-34.5227,38.7274,-4.55,-2.15,-2.00595,A
4.45021,4.36368,-19.1547,20.1432,-3.75,-2.15,-2.01791,B
11.4859,0.422326,8.28738,14.1698,-2.95,-2.15,-2.01357,B
-13.6838,12.9798,-20.147,27.5975,-2.15,-2.15,-1.99714,A
-0.700558,8.75122,-31.9949,33.1776,-1.35,-2.15,-2.01412,C
3.87684,8.97475,-30.8293,32.3422,-0.55,-2.15,-2.00589,C
-2.22558,2.68779,-10.0415,10.6306,0.25,-2.15,-1.99542,B
19.6337,6.62553,5.57938,21.4595,1.05,-2.15,-1.98661,B
-17.1507,13.221,-5.07235,22.2412,1.85,-2.15,-2.01206,B
10.8536,-15.9595,-2.17753,19.4229,2.65,-2.15,-1.98414,B
8.12565,41.8005,-13.3176,44.6169,3.45,-2.15,-2.01782,A
7.23405,2.65306,2.50902,8.10342,4.25,-2.15,-1.9955,B
11.9506,5.70089,-34.9699,37.3927,5.05,-2.15,-2.00531,C
10.5396,-2.82829,-32.6302,34.4065,5.85,-2.15,-2.00771,C
8.92038,2.10404,7.37254,11.7624,6.65,-2.15,-2.0006,B
-14.855,-27.4912,-26.3623,40.8828,-7.75,-1.35,-2.00462,A
-14.434,5.68315,-0.603172,15.5243,-6.95,-1.35,-2.00336,A
3.05364,15.8305,-20.4331,26.0277,-6.15,-1.35,-1.98901,C
1.55974,-3.50016,-2.61663,4.64011,-5.35,-1.35,-1.99337,B
-18.2036,0.487203,-17.0587,24.9521,-4.55,-1.35,-1.99867,A
-2.31822,-13.8341,-9.26967,16.8131,-3.75,-1.35,-1.98361,B
-12.5869,-0.305178,-31.5432,33.9632,-2.95,-1.35,-1.99346,C
-8.2839,3.43454,-30.8501,32.127,-2.15,-1.35,-1.99425,C
11.3012,-3.32554,-16.3637,20.163,-1.35,-1.35,-2.01005,B
-12.1665,1.00903,-36.2794,38.2784,-0.55,-1.35,-2.01494,A
-15.4249,6.06248,-39.7645,43.0801,0.25,-1.35,-2.00157,A
-36.5226,2.04472,-24.8204,44.2056,1.05,-1.35,-2.0046,A
-12.8235,-5.42253,-10.6,17.4987,1.85,-1.35,-2.0049,A
-2.05927,-13.5708,-28.406,31.5484,2.65,-1.35,-1.9857,A
-6.65029,5.1374,-32.8953,33.9517,3.45,-1.35,-2.00571,C
4.4923,-20.8637,3.54177,21.6338,4.25,-1.35,-1.99901,B
-9.32038,21.3827,-32.8152,40.2607,5.05,-1.35,-2.0061,A
-5.33833,-16.6034,-12.6729,21.5586,5.85,-1.35,-2.01181,A
-0.914063,34.1165,-17.4665,38.3386,6.65,-1.35,-1.99673,A
-21.4145,5.78802,2.41807,22.3143,-7.75,-0.55,-2.01874,B
-5.22055,-2.43209,-31.1567,31.6845,-6.95,-0.55,-2.00187,A
3.67912,14.2073,-0.201929,14.6773,-6.15,-0.55,-1.99098,B
8.41043,6.54691,-9.80209,14.4803,-5.35,-0.55,-1.9923,A
8.81731,-9.61281,-35.3281,37.6594,-4.55,-0.55,-2.01153,C
6.18485,-10.6787,11.9385,17.1702,-3.75,-0.55,-1.99503,B
3.99139,6.0076,-25.91,26.8952,-2.95,-0.55,-2.00446,C
-0.627547,-0.428987,-7.05753,7.09835,-2.15,-0.55,-1.98796,B
-25.5262,3.40848,-19.7781,32.4712,-1.35,-0.55,-1.9989,A
-10.3223,6.30537,7.87978,14.436,-0.55,-0.55,-1.99227,B
-9.40243,-13.494,3.10964,16.7381,0.25,-0.55,-1.9957,B
7.62818,-18.1451,8.10246,21.2857,1.05,-0.55,-2.00576,B
-19.2167,-13.8402,-20.2078,31.1318,1.85,-0.55,-1.98586,A
-17.734,3.28902,8.2981,19.8537,2.65,-0.55,-2.01052,B
13.524,-15.033,-24.1759,31.5177,3.45,-0.55,-2.01962,A
3.71649,21.5588,-31.8518,38.6411,4.25,-0.55,-1.99619,C
-6.82943,7.48967,-36.8038,38.1741,5.05,-0.55,-1.98969,C
-17.1544,12.9546,12.3123,24.7727,5.85,-0.55,-2.00679,A
4.44362,-15.7283,11.3918,19.9223,6.65,-0.55,-1.99808,B
-5.316,-25.6795,-23.2259,35.0305,-7.75,0.25,-1.9729,A
-1.93509,-3.76668,7.67858,8.76887,-6.95,0.25,-2.00613,B
-1.34195,-5.31244,-38.1635,38.5549,-6.15,0.25,-2.00556,C
-3.86912,0.167616,-44.5277,44.6958,-5.35,0.25,-1.97562,A
-10.6654,7.97587,-19.3112,23.4582,-4.55,0.25,-1.99286,B
-14.6056,-9.91086,-21.2842,27.6508,-3.75,0.25,-2.01005,C
7.04457,9.54256,-19.0808,22.4669,-2.95,0.25,-1.99298,B
-8.04172,6.36739,3.52489,10.8461,-2.15,0.25,-1.99653,B
6.58238,2.95169,-31.3081,32.1284,-1.35,0.25,-1.9981,C
-16.6409,12.8537,12.0362,24.2283,-0.55,0.25,-1.98036,B
-0.943451,-8.12611,-36.6586,37.5603,0.25,0.25,-1.98671,C
-14.178,4.9499,-11.4584,18.8895,1.05,0.25,-2.0002,A
-5.40736,-11.0827,5.56387,13.5286,1.85,0.25,-2.01079,B
15.1614,-3.45063,3.62317,15.9657,2.65,0.25,-1.98869,B
-15.2844,9.11943,-39.3797,43.215,3.45,0.25,-1.99196,A
9.61923,8.69566,-0.0561289,12.9672,4.25,0.25,-2.00367,B
-11.017,27.9266,-28.8664,41.6478,5.05,0.25,-2.01005,A
-9.52905,-7.79548,-0.951898,12.3482,5.85,0.25,-1.99357,B
0.508066,15.6159,16.6304,22.8185,6.65,0.25,-1.99575,B
-20.041,-9.01698,-6.12993,22.815,-7.75,1.05,-1.99199,B
-18.0696,14.9088,-22.3045,32.3462,-6.95,1.05,-2.00454,A
16.8316,-15.0291,-29.7624,37.3494,-6.15,1.05,-1.99147,C
-33.4024,-10.3321,-23.1266,41.9203,-5.35,1.05,-1.99891,A
-4.16951,-14.5117,4.18285,15.6675,-4.55,1.05,-2.00839,B
-1.61884,26.3423,-22.073,34.4057,-3.75,1.05,-1.98912,A
-2.00048,2.87359,-27.3086,27.5322,-2.95,1.05,-2.00707,C
-39.6924,-12.1512,-16.9894,44.8529,-2.15,1.05,-2.00416,A
41.3968,-6.0101,-11.5328,43.3915,-1.35,1.05,-2.00812,A
4.4612,3.49532,8.13024,9.91061,-0.55,1.05,-1.99518,B
-2.24667,6.67879,3.38378,7.81688,0.25,1.05,-2.00078,B
17.7834,-4.76629,-8.03119,20.0865,1.05,1.05,-2.0101,B
14.0486,10.1415,2.03087,17.4453,1.85,1.05,-2.00614,B
2.76424,-16.5988,-14.2217,22.0322,2.65,1.05,-1.98874,C
12.9233,4.90033,-13.2902,19.1743,3.45,1.05,-1.99203,C
4.20485,-5.2753,-28.4732,29.2614,4.25,1.05,-1.99132,C
7.23355,19.4292,-1.65408,20.7979,5.05,1.05,-1.99721,B
35.3688,-8.13931,-24.9358,44.034,5.85,1.05,-2.00748,A
13.24,-11.2056,-24.4165,29.9504,6.65,1.05,-2.01058,C
2.42873,-18.8605,-22.5592,29.5049,-7.75,1.85,-1.99674,A
34.7369,-2.6521,-8.05891,35.758,-6.95,1.85,-2.01722,A
-19.6917,-5.5141,-34.0314,39.7027,-6.15,1.85,-1.99045,A
10.5013,10.5196,-24.7878,28.9028,-5.35,1.85,-2.00821,A
6.84364,-15.2292,-11.9366,20.5243,-4.55,1.85,-1.98751,B
-12.9106,27.2275,-13.2042,32.8994,-3.75,1.85,-2.00417,A
0.149055,-7.64736,-25.3622,26.4905,-2.95,1.85,-2.00406,C
8.11893,-25.4083,-18.9444,32.7168,-2.15,1.85,-1.99648,A
3.3961,3.7358,-33.4428,33.8218,-1.35,1.85,-1.99527,A
-6.19849,4.9567,-34.2258,35.1339,-0.55,1.85,-2.00961,C
9.35538,7.28996,-26.43,28.9692,0.25,1.85,-2.00894,C
-18.5518,16.0999,-7.33371,25.6352,1.05,1.85,-2.00411,A
2.17789,-5.2351,-31.2809,31.7906,1.85,1.85,-1.99334,C
6.19668,1.64297,-33.1736,33.7873,2.65,1.85,-1.98317,C
5.23924,-13.8049,4.73016,15.5048,3.45,1.85,-2.00249,B
9.4457,-17.8925,-32.2991,38.1129,4.25,1.85,-2.01434,C
2.2089,-2.09909,-38.6237,38.7437,5.05,1.85,-2.02495,C
-8.17807,-7.97738,1.17759,11.485,5.85,1.85,-1.99581,B
6.40708,-21.7578,-2.03221,22.7724,6.65,1.85,-2.00216,B
12.5248,4.31111,8.75451,15.8776,-7.75,2.65,-1.98731,B
3.92888,0.123972,-27.4271,27.7074,-6.95,2.65,-2.00477,C
-2.15751,15.7337,-34.2045,37.7115,-6.15,2.65,-2.01257,A
17.0049,-16.6525,-14.2575,27.7444,-5.35,2.65,-1.99785,A
-9.14923,-26.9919,-32.5859,43.291,-4.55,2.65,-1.99044,A
9.10776,10.4177,17.7396,22.4983,-3.75,2.65,-2.0234,B
-31.5069,18.521,-13.182,38.852,-2.95,2.65,-2.01038,A
-6.22071,-7.63219,1.16778,9.9152,-2.15,2.65,-2.00997,B
18.6277,-16.0315,-0.354893,24.579,-1.35,2.65,-1.98115,B
-10.5245,-4.30446,-34.1095,35.9548,-0.55,2.65,-1.99744,C
2.82534,-5.42948,-14.2392,15.4989,0.25,2.65,-1.99832,A
3.25154,-0.107327,-36.7718,36.9155,1.05,2.65,-1.99933,C
3.64903,-3.40717,-18.7349,19.3887,1.85,2.65,-2.00198,A
-28.4211,21.0333,-9.24085,36.5452,2.65,2.65,-1.99413,A
17.6315,-15.2386,-31.3061,39.0276,3.45,2.65,-2.00515,A
-14.3907,6.3859,-8.76211,18.0179,4.25,2.65,-1.98921,A
-1.11348,5.16867,-20.6229,21.2899,5.05,2.65,-1.98762,B
1.04819,0.744958,-9.38531,9.473,5.85,2.65,-2.0031,B
-3.66256,14.9622,-24.5413,28.9751,6.65,2.65,-1.98903,C
-22.4487,8.7597,-37.5519,44.6187,-7.75,3.45,-2.0141,A
-8.44371,-14.8114,-4.25893,17.5731,-6.95,3.45,-1.99906,B
-3.08767,19.4519,-6.47344,20.732,-6.15,3.45,-1.98176,B
-10.1829,30.349,-27.2947,42.0685,-5.35,3.45,-2.01346,A
7.704,-22.1147,-5.34539,24.0205,-4.55,3.45,-1.99747,B
-15.2165,3.01849,9.60758,18.2472,-3.75,3.45,-1.99113,B
-3.74401,-15.7264,-33.4555,37.1565,-2.95,3.45,-2.00748,C
-25.9196,-32.4726,-12.5348,43.3984,-2.15,3.45,-1.98922,A
3.68406,26.2014,2.15352,26.5466,-1.35,3.45,-2.00369,A
-4.46434,13.8391,-42.7315,45.1379,-0.55,3.45,-2.01173,A
-3.41515,1.58856,-5.08725,6.32984,0.25,3.45,-1.99402,A
4.93475,-10.7848,-25.2627,27.9082,1.05,3.45,-2.00202,C
-11.1857,-10.4942,-5.39759,16.2598,1.85,3.45,-1.99809,B
-12.0316,19.1872,-24.8466,33.6194,2.65,3.45,-1.99618,A
16.1424,-4.23317,5.7833,17.6619,3.45,3.45,-1.98869,B
-23.942,14.0488,-19.3829,33.8568,4.25,3.45,-2.00295,A
-22.9337,8.67248,-34.6984,42.487,5.05,3.45,-1.99105,A
-12.6942,9.40145,7.46551,17.4718,5.85,3.45,-2.02196,B
-1.0939,-3.12577,2.49885,4.14865,6.65,3.45,-2.02332,B
-1.02794,0.922602,-36.039,36.0655,-7.75,4.25,-2.00697,A
-7.48498,19.7305,-25.0613,32.7625,-6.95,4.25,-2.00685,A
6.28898,-5.17076,-33.3792,34.3578,-6.15,4.25,-2.00496,A
-18.9071,5.2837,-28.265,34.4138,-5.35,4.25,-2.00461,A
-12.7328,33.0073,4.75213,35.6957,-4.55,4.25,-2.01883,A
-8.03102,2.51941,-13.803,16.1668,-3.75,4.25,-1.99767,B
-16.2818,-7.72238,9.54776,20.3934,-2.95,4.25,-2.01646,B
7.06123,0.698259,-19.8153,21.0475,-2.15,4.25,-1.99825,C
-12.8949,-0.632588,13.2536,18.5023,-1.35,4.25,-1.9925,B
5.19322,8.66199,-18.6853,21.2401,-0.55,4.25,-1.98141,B
-9.71739,33.0195,-17.5786,38.6487,0.25,4.25,-1.98653,A
-4.55959,-1.52062,-1.00072,4.90954,1.05,4.25,-2.00085,B
1.16157,23.3834,-3.34177,23.6495,1.85,4.25,-1.98023,A
-10.5046,-16.4442,-9.05558,21.5119,2.65,4.25,-1.99179,A
-17.8264,22.162,7.24915,29.3511,3.45,4.25,-1.98132,A
-10.7621,-34.7553,-9.54404,37.6144,4.25,4.25,-2.00511,A
13.8741,0.691649,-34.9204,37.5819,5.05,4.25,-2.01119,C
6.33626,13.1421,6.25115,15.8726,5.85,4.25,-1.98603,B
13.672,18.4473,-31.771,39.1998,6.65,4.25,-2.01347,A
4.18533,-3.49463,-36.3812,36.7875,-7.75,5.05,-2.00311,C
20.4603,-6.22237,-38.5011,44.0418,-6.95,5.05,-2.00075,A
-9.65742,-7.51174,-33.4867,35.6518,-6.15,5.05,-2.00982,C
-13.6765,-12.0063,-26.9597,32.5273,-5.35,5.05,-2.00159,A
-2.47888,2.26583,-25.3953,25.6164,-4.55,5.05,-1.98974,C
-15.7235,-8.55385,13.7834,22.5915,-3.75,5.05,-2.00673,B
-12.7309,18.4025,-5.32565,23.002,-2.95,5.05,-2.00542,A
8.06164,-32.8435,-28.1703,44.0142,-2.15,5.05,-2.01208,A
-30.7174,8.00501,-17.435,36.2163,-1.35,5.05,-1.99961,A
19.3404,-31.1943,-26.2784,45.1408,-0.55,5.05,-1.99339,A
4.4318,-19.0003,-20.9962,28.6616,0.25,5.05,-1.97395,A
-10.5792,11.5438,-24.8239,29.3497,1.05,5.05,-1.9796,C
-15.4005,-4.63061,-6.56607,17.3704,1.85,5.05,-2.00358,B
-8.6128,-19.2122,4.74176,21.5818,2.65,5.05,-2.00302,B
-8.51523,3.41429,-5.75706,10.831,3.45,5.05,-2.01662,A
-14.7628,14.7545,2.6287,21.0368,4.25,5.05,-2.01291,B
-8.97898,7.30647,-30.8452,32.9459,5.05,5.05,-2.00085,A
-0.654223,-18.8942,-10.3472,21.5519,5.85,5.05,-1.99191,A
12.2113,-15.4725,-28.6756,34.7967,6.65,5.05,-2.01997,C
20.2262,-0.790029,9.13049,22.2057,-7.75,5.85,-1.9887,B
1.52006,1.60006,-43.676,43.7317,-6.95,5.85,-2.01419,A
14.2802,10.7018,-33.0643,37.5726,-6.15,5.85,-1.99992,C
0.751733,8.06052,-5.34382,9.70018,-5.35,5.85,-2.00366,A
-3.35351,-0.826193,14.6857,15.0863,-4.55,5.85,-2.00218,B
-2.88903,11.0353,1.65142,11.5261,-3.75,5.85,-1.99937,B
-4.40675,22.1968,-1.09442,22.6565,-2.95,5.85,-2.00799,A
0.322128,-9.18703,6.56895,11.2985,-2.15,5.85,-2.00754,B
-16.3199,-16.8181,-26.5389,35.4048,-1.35,5.85,-1.98887,A
7.77145,-12.1904,-36.5503,39.3056,-0.55,5.85,-2.00909,A
-3.80782,3.54511,-31.3506,31.7793,0.25,5.85,-2.00653,C
-5.18073,-31.1142,-9.55893,32.9592,1.05,5.85,-1.98761,A
9.1007,0.176781,-15.1275,17.6549,1.85,5.85,-2.01027,B
-3.22623,-16.1891,10.6979,19.6708,2.65,5.85,-1.99761,B
16.3102,16.4125,-35.2796,42.1905,3.45,5.85,-2.00455,A
-6.32876,-3.11376,10.4179,12.581,4.25,5.85,-2.00261,B
16.681,-8.07571,-2.96787,18.7692,5.05,5.85,-1.9945,A
7.65767,-4.10729,4.05521,9.58929,5.85,5.85,-1.99441,B
2.54883,3.92193,-38.1501,38.4357,6.65,5.85,-1.98908,C
-3.8485,6.79897,15.2217,17.1095,-7.75,6.65,-1.98813,B
17.8878,-11.1315,-6.79899,22.1384,-6.95,6.65,-1.99108,B
10.595,-0.970265,-31.7875,33.5208,-6.15,6.65,-1.98901,A
16.4041,4.61035,3.96791,17.4956,-5.35,6.65,-1.9975,B
-0.410182,-5.45667,7.40787,9.20978,-4.55,6.65,-2.0208,B
15.9018,-1.77987,-12.2508,20.1524,-3.75,6.65,-2.00574,A
-17.2852,-12.1162,-27.1538,34.3935,-2.95,6.65,-1.9981,C
2.25752,21.8593,-3.4584,22.246,-2.15,6.65,-2.01163,A
1.6519,7.40889,-35.4913,36.2939,-1.35,6.65,-2.00864,C
-5.49012,-8.6539,-19.7227,22.2265,-0.55,6.65,-1.9891,C
-39.8714,5.2879,-16.2565,43.3816,0.25,6.65,-1.99705,A
-9.68922,-4.64133,-34.0989,35.7513,1.05,6.65,-1.9903,C
1.51251,28.1075,3.08772,28.317,1.85,6.65,-1.99845,A
19.6292,0.304075,-33.6715,38.9765,2.65,6.65,-2.00383,A
9.73356,12.2521,-5.62413,16.6279,3.45,6.65,-1.99243,B
17.9521,4.87218,-21.0576,28.0969,4.25,6.65,-2.00247,A
-5.3189,0.250881,-34.1873,34.5995,5.05,6.65,-1.98119,C
-13.9321,41.5181,-8.01846,44.5213,5.85,6.65,-1.98428,A
-4.2022,-39.0298,-19.6779,43.9113,6.65,6.65,-2.01069,A
