X,Y,Z,Type,Dipole_X,Dipole_Y,Dipole_Z,Dipole_Total
-7.1000,-7.1000,2.0041,B,-10.1440,18.0553,0.1062,20.7100
-7.1000,-6.3000,2.0023,B,11.9605,15.6862,-11.0520,22.6110
-7.1000,-5.5000,2.0147,B,5.7073,-21.7291,-6.6223,23.4219
-7.1000,-4.7000,2.0015,B,-18.1828,-3.6268,3.4621,18.8614
-7.1000,-3.9000,1.9957,C,7.8454,6.0804,-25.2524,27.1331
-7.1000,-3.1000,2.0008,B,10.8381,-3.2365,-11.9329,16.4418
-7.1000,-2.3000,1.9933,B,-7.4305,-6.7985,-8.3519,13.0838
-7.1000,-1.5000,2.0114,B,21.6985,2.5240,-2.9510,22.0432
-7.1000,-0.7000,2.0026,B,9.4540,-16.7823,7.0776,20.5211
-7.1000,0.1000,2.0070,B,-11.9925,-16.8463,-5.6535,21.4378
-7.1000,0.9000,2.0100,C,-6.1685,5.6614,-31.7618,32.8468
-7.1000,1.7000,1.9907,B,5.0679,2.5768,-2.5644,6.2370
-7.1000,2.5000,2.0044,C,-11.5413,3.4950,-29.1893,31.5821
-7.1000,3.3000,1.9967,C,13.4460,-3.8094,-32.4526,35.3338
-7.1000,4.1000,2.0125,B,0.9987,10.8594,2.7188,11.2390
-7.1000,4.9000,1.9881,B,8.2179,-2.6306,13.7563,16.2385
-7.1000,5.7000,2.0063,B,21.9745,8.1196,-0.0782,23.4268
-7.1000,6.5000,2.0052,B,-16.0332,-16.7916,2.5656,23.3582
-7.1000,7.3000,1.9907,C,-11.6295,9.8237,-33.2158,36.5382
-6.3000,-7.1000,1.9999,B,15.6371,5.2738,-10.2080,19.4045
-6.3000,-6.3000,1.9976,C,-6.6350,6.5302,-30.7179,32.0976
-6.3000,-5.5000,2.0161,C,-0.9368,-10.2932,-26.8795,28.7982
-6.3000,-4.7000,2.0123,B,-7.2237,17.1591,6.1345,19.6023
-6.3000,-3.9000,1.9981,B,-2.6316,3.1202,-2.7095,4.8993
-6.3000,-3.1000,1.9996,B,-4.0883,-12.3993,-4.1095,13.6874
-6.3000,-2.3000,2.0147,C,3.6625,6.7016,-36.4206,37.2127
-6.3000,-1.5000,1.9967,B,-10.7983,15.5796,9.7989,21.3389
-6.3000,-0.7000,2.0153,C,2.3661,-12.4466,-35.3640,37.5650
-6.3000,0.1000,2.0097,C,-1.5769,-9.3531,-36.6458,37.8534
-6.3000,0.9000,1.9954,C,0.2940,4.5542,-25.3686,25.7758
-6.3000,1.7000,2.0000,B,12.4564,18.6427,-1.5616,22.4756
-6.3000,2.5000,1.9800,B,7.8620,4.4145,0.9330,9.0648
-6.3000,3.3000,2.0102,C,-0.7509,-7.7633,-35.3442,36.1945
-6.3000,4.1000,2.0012,B,-13.1283,5.3053,-8.2022,16.3638
-6.3000,4.9000,2.0011,B,-7.4819,-8.4846,-10.3943,15.3626
-6.3000,5.7000,2.0053,B,8.4541,16.9290,-0.3250,18.9253
-6.3000,6.5000,2.0009,C,-16.5812,6.9918,-34.5920,38.9927
-6.3000,7.3000,2.0161,B,1.9710,-3.8815,-5.6278,7.1150
-5.5000,-7.1000,1.9928,B,5.5886,1.3169,5.5820,8.0078
-5.5000,-6.3000,2.0064,B,7.6823,12.8640,8.3025,17.1299
-5.5000,-5.5000,1.9897,C,-22.0406,-8.1878,-30.5065,38.5159
-5.5000,-4.7000,1.9970,B,3.2010,-8.7224,4.4656,10.3087
-5.5000,-3.9000,2.0047,C,-4.6799,-4.6532,-37.0963,37.6787
-5.5000,-3.1000,2.0060,C,-7.3803,-6.6041,-35.8115,37.1557
-5.5000,-2.3000,2.0027,B,5.6504,-6.6644,2.5577,9.1040
-5.5000,-1.5000,2.0020,A,-30.8577,-8.3478,-18.1513,36.7607
-5.5000,-0.7000,1.9936,A,28.7841,-16.8620,-12.8881,35.7625
-5.5000,0.1000,1.9980,A,16.6150,-36.6330,3.4663,40.3738
-5.5000,0.9000,2.0055,A,11.2510,-0.4677,-22.8137,25.4415
-5.5000,1.7000,2.0098,C,13.7760,2.5354,-25.7024,29.2715
-5.5000,2.5000,1.9882,B,3.6848,-16.2597,-4.6575,17.3103
-5.5000,3.3000,2.0108,B,19.7367,-3.7622,-10.1309,22.5017
-5.5000,4.1000,2.0052,B,-9.6405,-15.7068,-11.0561,21.4914
-5.5000,4.9000,2.0046,B,19.3659,3.4530,13.0522,23.6076
-5.5000,5.7000,1.9951,B,17.8212,-8.5562,6.1844,20.7135
-5.5000,6.5000,1.9958,B,-1.9024,19.1675,-6.5148,20.3336
-5.5000,7.3000,1.9921,B,-16.6869,17.6084,1.5469,24.3084
-4.7000,-7.1000,1.9878,B,2.7641,-10.7409,17.8955,21.0537
-4.7000,-6.3000,2.0046,B,-21.1599,-7.9135,5.8482,23.3359
-4.7000,-5.5000,2.0058,B,-4.0424,16.2667,2.7477,16.9852
-4.7000,-4.7000,1.9879,C,11.0513,-11.8835,-29.8900,34.0112
-4.7000,-3.9000,1.9936,C,13.8315,4.2364,-21.0605,25.5500
-4.7000,-3.1000,1.9832,A,3.6029,-26.6721,-27.7206,38.6370
-4.7000,-2.3000,1.9760,A,-9.0951,-18.1892,-21.4094,29.5285
-4.7000,-1.5000,1.9807,A,-31.2061,-11.1011,-15.4085,36.5305
-4.7000,-0.7000,2.0105,A,27.2428,-34.5281,5.2561,44.2943
-4.7000,0.1000,2.0047,A,8.3029,-11.6831,-24.3636,28.2669
-4.7000,0.9000,1.9964,A,-11.3591,43.1396,3.1364,44.7201
-4.7000,1.7000,2.0004,A,-34.2190,16.1133,-3.9040,38.0240
-4.7000,2.5000,2.0038,A,4.4604,-6.2810,-15.0665,16.9217
-4.7000,3.3000,2.0015,C,-1.3613,0.9974,-33.5578,33.6002
-4.7000,4.1000,1.9995,B,-15.7897,0.9429,-10.0811,18.7572
-4.7000,4.9000,1.9942,C,-14.7233,-5.0932,-19.1517,24.6881
-4.7000,5.7000,1.9857,C,-2.2099,-12.1964,-34.9682,37.1001
-4.7000,6.5000,2.0120,B,17.4660,8.1673,-11.2908,22.3438
-4.7000,7.3000,2.0072,C,-7.8654,-3.2277,-36.8206,37.7894
-3.9000,-7.1000,2.0012,B,3.7230,-21.6752,2.0936,22.0921
-3.9000,-6.3000,2.0102,B,19.9271,-8.3675,-7.1918,22.7778
-3.9000,-5.5000,2.0109,B,-9.6135,-8.9313,3.9411,13.7011
-3.9000,-4.7000,1.9925,B,-15.3850,12.1446,12.0296,22.9978
-3.9000,-3.9000,2.0058,A,5.5867,42.7696,-11.4706,44.6321
-3.9000,-3.1000,1.9998,A,-12.8841,-4.1007,-27.4729,30.6198
-3.9000,-2.3000,1.9791,A,-15.0005,-6.3906,16.0536,22.8817
-3.9000,-1.5000,1.9994,A,7.9955,2.8478,-17.1898,19.1710
-3.9000,-0.7000,2.0054,A,-6.5256,29.0478,-30.5384,42.6492
-3.9000,0.1000,2.0085,A,-14.2019,-7.1450,-34.4395,37.9318
-3.9000,0.9000,1.9785,A,25.9189,-12.1677,-25.1720,38.1244
-3.9000,1.7000,1.9963,A,-28.1819,21.9703,-22.0708,42.0004
-3.9000,2.5000,2.0036,A,-6.0867,20.2012,-39.5156,44.7953
-3.9000,3.3000,2.0190,A,-22.2510,-8.6477,-9.2608,25.6057
-3.9000,4.1000,1.9984,A,-21.6924,-11.2883,-17.8511,30.2762
-3.9000,4.9000,1.9875,C,19.8334,3.5538,-28.4647,34.8746
-3.9000,5.7000,2.0121,C,16.1752,10.1112,-29.1195,34.8112
-3.9000,6.5000,1.9872,B,6.2398,-6.1002,-4.7564,9.9384
-3.9000,7.3000,1.9765,B,-8.8864,17.0214,2.3268,19.3419
-3.1000,-7.1000,1.9893,C,-6.7490,-2.0234,-34.6008,35.3109
-3.1000,-6.3000,2.0014,B,-15.9900,11.8961,-8.8467,21.8050
-3.1000,-5.5000,1.9945,B,-21.4457,4.1507,-10.6377,24.2962
-3.1000,-4.7000,1.9816,A,1.1229,-10.8596,-23.3154,25.7449
-3.1000,-3.9000,2.0071,A,-4.0725,-13.4020,-21.6151,25.7568
-3.1000,-3.1000,1.9823,A,-4.7546,-16.0480,-27.8265,32.4725
-3.1000,-2.3000,2.0025,A,12.6395,37.6559,8.6710,40.6561
-3.1000,-1.5000,2.0089,A,-11.1198,-18.4893,-25.1761,33.1563
-3.1000,-0.7000,1.9972,A,-20.0697,3.4057,-37.2418,42.4422
-3.1000,0.1000,1.9951,A,-14.1774,19.6942,-28.4084,37.3618
-3.1000,0.9000,1.9909,A,2.1352,6.8983,-23.3512,24.4423
-3.1000,1.7000,2.0019,A,3.0196,10.5205,-30.0055,31.9395
-3.1000,2.5000,1.9973,A,7.7595,-6.6684,-26.9872,28.8615
-3.1000,3.3000,1.9865,A,-4.6688,-15.3085,-35.8661,39.2750
-3.1000,4.1000,1.9910,A,-28.4264,-0.0285,-0.3137,28.4281
-3.1000,4.9000,1.9811,B,-3.9583,7.8898,-20.7066,22.5096
-3.1000,5.7000,1.9966,B,3.7388,9.0479,3.6910,10.4627
-3.1000,6.5000,1.9968,B,-8.2189,-7.2602,-4.5365,11.8676
-3.1000,7.3000,1.9806,B,18.2080,-9.9294,7.4423,22.0343
-2.3000,-7.1000,2.0064,B,-0.5676,-8.5446,-21.1925,22.8573
-2.3000,-6.3000,2.0035,B,10.9135,4.5783,7.3257,13.9188
-2.3000,-5.5000,2.0052,C,2.1766,-0.6603,-22.6344,22.7484
-2.3000,-4.7000,2.0054,A,17.2606,10.7442,-34.6179,40.1468
-2.3000,-3.9000,2.0106,A,14.8406,-13.7507,-36.0461,41.3358
-2.3000,-3.1000,1.9887,A,11.6082,38.2924,-17.2997,43.5928
-2.3000,-2.3000,2.0019,A,33.0707,12.0167,-14.0139,37.8743
-2.3000,-1.5000,2.0082,A,-31.7794,-13.0182,-15.5665,37.7057
-2.3000,-0.7000,1.9947,A,11.2985,32.3719,-13.3119,36.7805
-2.3000,0.1000,2.0016,A,13.2072,-19.0173,-29.9498,37.8560
-2.3000,0.9000,2.0003,A,-18.6977,9.0875,-17.5438,27.2024
-2.3000,1.7000,1.9965,A,-29.0712,5.4092,-19.6034,35.4779
-2.3000,2.5000,1.9950,A,-40.6235,-1.1169,-18.2863,44.5635
-2.3000,3.3000,1.9840,A,-4.3842,8.5154,-23.4512,25.3317
-2.3000,4.1000,1.9983,A,2.5210,2.9477,-37.5870,37.7866
-2.3000,4.9000,2.0047,A,-7.9324,40.4618,-17.3924,44.7502
-2.3000,5.7000,2.0143,B,-6.9459,23.1361,-2.3334,24.2687
-2.3000,6.5000,1.9894,B,20.5468,8.0429,-9.6519,24.0835
-2.3000,7.3000,2.0001,C,8.2549,2.3209,-30.5919,31.7709
-1.5000,-7.1000,2.0091,B,23.4985,2.7532,-2.3553,23.7762
-1.5000,-6.3000,2.0206,B,-13.1860,14.2717,-2.2825,19.5643
-1.5000,-5.5000,1.9993,A,1.9008,29.3426,-11.1682,31.4537
-1.5000,-4.7000,1.9945,A,-11.2670,-6.5420,-39.7896,41.8683
-1.5000,-3.9000,2.0041,A,-8.0599,25.8165,-36.0337,45.0542
-1.5000,-3.1000,2.0005,A,-20.0068,6.5556,-17.7458,27.5347
-1.5000,-2.3000,1.9977,A,-4.7604,-15.2008,10.0104,18.8131
-1.5000,-1.5000,1.9952,A,3.9463,0.9261,-27.1621,27.4629
-1.5000,-0.7000,1.9960,A,-0.8839,30.8945,-14.7426,34.2432
-1.5000,0.1000,2.0096,A,-3.0608,-17.3689,-13.0990,21.9688
-1.5000,0.9000,2.0138,A,-10.9820,-23.2200,-32.1905,41.1826
-1.5000,1.7000,1.9844,A,-28.7499,-1.4007,-10.3764,30.5972
-1.5000,2.5000,2.0058,A,-9.5376,-16.9397,-32.9855,38.2879
-1.5000,3.3000,2.0145,A,-11.7128,-21.7099,-31.2312,39.7982
-1.5000,4.1000,2.0051,A,4.3861,5.4437,-11.5278,13.4819
-1.5000,4.9000,1.9880,A,-8.9085,-16.2016,-32.5118,37.4015
-1.5000,5.7000,2.0073,B,13.2906,17.9557,4.0408,22.7019
-1.5000,6.5000,2.0232,B,-5.9715,-0.1593,-10.2521,11.8655
-1.5000,7.3000,2.0118,B,5.8953,7.8418,10.7137,14.5269
-0.7000,-7.1000,2.0105,C,-0.9230,5.1559,-34.9377,35.3282
-0.7000,-6.3000,1.9994,B,-11.4767,-1.2999,-4.4554,12.3796
-0.7000,-5.5000,1.9767,A,-26.1280,-6.1422,-27.5722,38.4789
-0.7000,-4.7000,2.0021,A,-15.0338,-3.1536,-21.7468,26.6249
-0.7000,-3.9000,2.0024,A,-28.9521,25.3722,-18.5560,42.7352
-0.7000,-3.1000,1.9879,A,-25.8194,-9.9078,-31.8312,42.1667
-0.7000,-2.3000,2.0076,A,-28.3580,-8.6095,-5.1160,30.0745
-0.7000,-1.5000,2.0054,A,1.9392,25.5890,-15.1574,29.8044
-0.7000,-0.7000,2.0012,A,-4.5953,33.8941,-25.6652,42.7625
-0.7000,0.1000,1.9998,A,16.7207,-32.8623,-13.7721,39.3597
-0.7000,0.9000,2.0003,A,12.3672,37.6021,-18.4437,43.6696
-0.7000,1.7000,2.0089,A,-28.6478,8.8452,-20.9157,36.5568
-0.7000,2.5000,2.0036,A,2.0917,-39.5186,-18.2841,43.5936
-0.7000,3.3000,1.9945,A,21.7047,33.1575,-15.3388,42.4946
-0.7000,4.1000,1.9931,A,-28.9670,-0.1190,-28.2487,40.4610
-0.7000,4.9000,2.0140,A,-17.9188,-15.7534,-22.4718,32.7756
-0.7000,5.7000,2.0025,B,-8.1818,-9.7980,-9.4456,15.8796
-0.7000,6.5000,1.9943,B,-6.8971,10.5318,-3.6303,13.1023
-0.7000,7.3000,1.9916,B,14.2363,-13.1737,8.3354,21.1116
0.1000,-7.1000,2.0011,C,-0.2770,-8.8615,-37.7948,38.8208
0.1000,-6.3000,1.9954,B,6.6582,10.5238,2.0930,12.6278
0.1000,-5.5000,2.0055,A,-22.0713,22.8355,-6.8445,32.4877
0.1000,-4.7000,1.9928,A,-21.1226,-1.7891,-8.3075,22.7679
0.1000,-3.9000,1.9829,A,-10.7379,2.9189,-28.0846,30.2087
0.1000,-3.1000,2.0108,A,13.1291,11.9621,-14.5769,22.9772
0.1000,-2.3000,1.9885,A,3.6418,34.4750,-25.1301,42.8172
0.1000,-1.5000,2.0071,A,-0.1487,24.1899,-17.6075,29.9199
0.1000,-0.7000,1.9849,A,25.6961,11.5999,-27.2149,39.1854
0.1000,0.1000,2.0062,A,-6.5044,10.6138,-18.7000,22.4645
0.1000,0.9000,1.9888,A,24.0175,-22.4096,-7.0279,33.5920
0.1000,1.7000,1.9939,A,-0.2261,19.5746,-39.6968,44.2612
0.1000,2.5000,1.9952,A,-26.4297,-13.6947,-27.6495,40.6272
0.1000,3.3000,1.9997,A,-9.7429,-11.0954,-31.1706,34.4911
0.1000,4.1000,1.9870,A,10.5871,6.1564,-10.6276,16.2152
0.1000,4.9000,1.9970,A,-5.1480,-0.3188,-25.4883,26.0049
0.1000,5.7000,2.0039,A,-16.1807,19.4559,-18.1213,31.1244
0.1000,6.5000,1.9941,C,10.6627,-6.0937,-28.0182,30.5916
0.1000,7.3000,1.9942,B,7.6146,9.6375,-12.6118,17.6045
0.9000,-7.1000,1.9845,C,-1.1155,-1.1950,-22.0763,22.1367
0.9000,-6.3000,1.9960,B,-12.3564,7.1576,9.7259,17.2773
0.9000,-5.5000,1.9967,A,-7.4119,-6.3166,-31.1851,32.6702
0.9000,-4.7000,2.0124,A,-3.5804,11.7942,-24.4715,27.4003
0.9000,-3.9000,1.9902,A,-28.9087,-1.2871,-26.0752,38.9524
0.9000,-3.1000,2.0060,A,1.8554,19.5800,-32.4146,37.9147
0.9000,-2.3000,2.0014,A,-11.6038,-2.2257,-35.3377,37.2606
0.9000,-1.5000,2.0026,A,-34.2422,-9.8801,-7.0374,36.3273
0.9000,-0.7000,1.9950,A,-12.8364,36.0619,-16.6439,41.7404
0.9000,0.1000,1.9976,A,4.2567,4.5634,-44.6352,45.0693
0.9000,0.9000,1.9896,A,-14.4808,7.3168,-5.8557,17.2487
0.9000,1.7000,1.9929,A,-4.1934,-14.5177,-36.5613,39.5611
0.9000,2.5000,1.9814,A,-24.5856,10.0504,11.1903,28.8216
0.9000,3.3000,2.0147,A,-13.0326,-17.1166,-34.1952,40.3997
0.9000,4.1000,1.9780,A,5.5882,-10.6687,-8.7846,14.9070
0.9000,4.9000,2.0018,A,24.8061,12.0469,-17.2026,32.5023
0.9000,5.7000,1.9808,B,6.8239,1.1450,-4.8066,8.4250
0.9000,6.5000,2.0208,B,19.5898,5.8395,-6.8560,21.5607
0.9000,7.3000,2.0027,B,0.4457,19.6562,4.6176,20.1962
1.7000,-7.1000,2.0021,C,4.5782,-7.9527,-37.0356,38.1555
1.7000,-6.3000,2.0042,C,11.1512,6.0978,-34.1685,36.4557
1.7000,-5.5000,1.9934,B,9.6469,-16.0784,6.9143,19.9846
1.7000,-4.7000,2.0009,A,-9.4907,9.3573,-28.9824,31.9000
1.7000,-3.9000,1.9882,A,21.7511,-9.9316,-26.8883,35.9823
1.7000,-3.1000,2.0151,A,15.8529,7.5608,-26.2615,31.5934
1.7000,-2.3000,2.0148,A,-22.5689,3.4871,-38.0230,44.3538
1.7000,-1.5000,2.0048,A,3.0692,-22.0684,-28.5145,36.1872
1.7000,-0.7000,2.0101,A,-5.2560,-4.1586,-22.1631,23.1543
1.7000,0.1000,1.9750,A,-15.7421,12.7586,-26.7957,33.5947
1.7000,0.9000,1.9984,A,2.2209,-1.9168,-31.3495,31.4865
1.7000,1.7000,1.9984,A,7.4202,18.2434,-37.0387,41.9494
1.7000,2.5000,2.0018,A,9.5282,-13.6158,-5.1101,17.3865
1.7000,3.3000,1.9882,A,8.9488,7.5736,-27.0222,29.4557
1.7000,4.1000,1.9993,A,-17.2231,-26.9002,-25.4620,40.8481
1.7000,4.9000,2.0126,A,-19.8574,23.8760,-26.5284,40.8429
1.7000,5.7000,2.0075,C,-4.8913,2.9221,-28.2695,28.8380
1.7000,6.5000,1.9911,B,23.3206,-1.7001,-0.8371,23.3975
1.7000,7.3000,1.9945,B,12.5242,-11.8230,7.0447,18.6082
2.5000,-7.1000,1.9943,C,6.6973,1.8304,-34.5864,35.2764
2.5000,-6.3000,1.9758,B,2.7950,20.5281,-12.9982,24.4575
2.5000,-5.5000,2.0108,B,4.9053,2.9899,19.3018,20.1385
2.5000,-4.7000,1.9995,A,-9.1650,-12.1737,-27.2154,31.1910
2.5000,-3.9000,2.0119,A,-6.4098,-23.7030,-35.2174,42.9323
2.5000,-3.1000,1.9985,A,2.7517,14.6579,-27.2217,31.0394
2.5000,-2.3000,2.0002,A,-13.3568,2.4114,-32.3386,35.0714
2.5000,-1.5000,1.9816,A,0.9033,23.6286,-8.5920,25.1585
2.5000,-0.7000,2.0048,A,-18.4556,3.8631,-2.2125,18.9849
2.5000,0.1000,2.0013,A,12.5860,25.7403,-35.0685,45.2854
2.5000,0.9000,1.9967,A,19.2173,-20.0732,-2.8735,27.9374
2.5000,1.7000,1.9904,A,12.5449,-19.6539,-29.0104,37.2190
2.5000,2.5000,2.0008,A,-11.9324,5.4549,-13.8867,19.1045
2.5000,3.3000,2.0124,A,-5.8215,-26.4773,-32.4011,42.2465
2.5000,4.1000,2.0072,A,2.7086,-12.4928,-32.0721,34.5257
2.5000,4.9000,2.0077,A,16.7431,-20.5039,-27.5342,38.1952
2.5000,5.7000,1.9820,C,5.7612,24.0112,-23.4047,34.0222
2.5000,6.5000,2.0059,B,-0.0769,8.6370,1.7143,8.8059
2.5000,7.3000,2.0075,B,22.1953,2.7986,6.8582,23.3986
3.3000,-7.1000,2.0245,B,-2.4034,-4.2530,-14.4869,15.2884
3.3000,-6.3000,1.9977,C,-8.2627,-7.5859,-36.2593,37.9547
3.3000,-5.5000,2.0083,C,-12.0328,5.7754,-19.8651,23.9325
3.3000,-4.7000,1.9818,C,-8.3271,-9.7543,-18.3131,22.3575
3.3000,-3.9000,1.9894,A,-22.1830,-1.8221,-14.3113,26.4617
3.3000,-3.1000,2.0034,A,-18.0362,12.6035,-31.0234,38.0343
3.3000,-2.3000,2.0067,A,19.4324,-5.7742,-21.2351,29.3580
3.3000,-1.5000,1.9909,A,-14.7769,13.7610,-37.0045,42.1551
3.3000,-0.7000,2.0083,A,8.0908,-2.2009,-34.6953,35.6941
3.3000,0.1000,2.0042,A,0.6932,25.0173,-36.3754,44.1534
3.3000,0.9000,1.9873,A,16.6740,1.5085,-34.9580,38.7603
3.3000,1.7000,1.9899,A,0.9896,0.5037,-16.1228,16.1610
3.3000,2.5000,1.9904,A,-23.1582,18.7171,0.4802,29.7802
3.3000,3.3000,1.9953,A,-27.3139,28.6668,-9.3505,40.6849
3.3000,4.1000,2.0030,A,-8.6642,2.6471,-36.8731,37.9698
3.3000,4.9000,1.9973,B,11.0928,-0.7295,1.8723,11.2733
3.3000,5.7000,2.0124,C,-12.2647,-12.3764,-29.6724,34.4100
3.3000,6.5000,1.9909,B,-23.2659,5.9314,3.8437,24.3158
3.3000,7.3000,2.0081,B,20.2391,9.6977,-2.0004,22.5315
4.1000,-7.1000,1.9916,B,16.9333,-9.9726,-4.5821,20.1788
4.1000,-6.3000,2.0087,B,-2.4535,-14.6444,-11.6523,18.8747
4.1000,-5.5000,2.0035,B,1.9056,4.5609,-3.1041,5.8368
4.1000,-4.7000,1.9859,B,18.5556,-14.0617,-0.5255,23.2878
4.1000,-3.9000,1.9673,A,-8.4539,14.7612,-18.5630,25.1783
4.1000,-3.1000,2.0159,A,-3.7310,-15.4762,-37.5686,40.8023
4.1000,-2.3000,1.9887,A,13.3447,33.4636,-23.1734,42.8357
4.1000,-1.5000,1.9974,A,12.4236,7.6611,-18.3728,23.4649
4.1000,-0.7000,1.9991,A,4.9920,-6.1419,-35.6191,36.4879
4.1000,0.1000,2.0018,A,15.6529,-6.5809,-17.0356,24.0527
4.1000,0.9000,1.9935,A,26.2608,-17.2360,-20.0710,37.2768
4.1000,1.7000,2.0015,A,-7.3350,-20.5411,-37.7203,43.5725
4.1000,2.5000,1.9904,A,-5.5024,-5.9032,-10.1202,12.9438
4.1000,3.3000,1.9878,A,-37.9904,17.6386,-7.8569,42.6160
4.1000,4.1000,2.0164,C,-0.9456,-14.8823,-33.4717,36.6433
4.1000,4.9000,1.9945,C,-3.1571,-8.0973,-21.8932,23.5552
4.1000,5.7000,2.0022,C,7.1192,9.5825,-25.0284,27.7296
4.1000,6.5000,1.9955,B,1.8187,-2.0915,6.6628,7.2162
4.1000,7.3000,1.9970,C,-22.7405,10.8500,-18.4863,31.2506
4.9000,-7.1000,2.0306,B,13.7265,-16.6053,0.3811,21.5476
4.9000,-6.3000,2.0033,B,-18.2520,7.7668,-0.9999,19.8610
4.9000,-5.5000,2.0010,C,1.3089,4.2369,-33.8652,34.1543
4.9000,-4.7000,1.9888,B,-10.9875,-13.5104,7.7526,19.0620
4.9000,-3.9000,1.9852,B,5.5586,-9.3193,-7.2707,13.0618
4.9000,-3.1000,2.0241,C,5.8548,-14.3332,-26.9927,31.1179
4.9000,-2.3000,1.9967,A,-18.3552,-30.6099,-23.7399,42.8657
4.9000,-1.5000,2.0128,A,1.5481,-2.1077,-28.0649,28.1865
4.9000,-0.7000,2.0061,A,20.8119,12.6479,-19.0318,30.9081
4.9000,0.1000,1.9914,A,-14.3754,5.0620,-15.5056,21.7417
4.9000,0.9000,1.9973,A,8.7464,8.8814,-32.1752,34.5054
4.9000,1.7000,1.9942,A,22.4410,-10.0353,-11.2098,27.0178
4.9000,2.5000,2.0079,A,-10.6729,7.1157,6.3884,14.3303
4.9000,3.3000,1.9882,B,-4.4476,3.7923,-20.2835,21.1088
4.9000,4.1000,2.0112,B,-10.3554,-2.1830,8.7928,13.7591
4.9000,4.9000,1.9861,C,-1.3610,7.3876,-35.7042,36.4859
4.9000,5.7000,2.0116,C,1.2034,4.0386,-37.8333,38.0672
4.9000,6.5000,1.9845,C,-9.9991,11.2670,-28.2760,32.0384
4.9000,7.3000,1.9965,B,-5.6317,18.8610,-0.6673,19.6951
5.7000,-7.1000,2.0077,B,16.3553,-7.0604,-14.8909,23.2182
5.7000,-6.3000,2.0044,B,-3.1066,-16.3443,16.4323,23.3839
5.7000,-5.5000,1.9855,B,12.7338,-16.9496,5.7484,21.9655
5.7000,-4.7000,2.0041,B,-17.3317,-8.2679,3.5183,19.5224
5.7000,-3.9000,2.0011,C,14.9067,-5.2264,-34.9656,38.3682
5.7000,-3.1000,2.0015,C,7.0388,1.9790,-29.4033,30.2988
5.7000,-2.3000,1.9956,B,-16.9182,12.8265,8.2579,22.7802
5.7000,-1.5000,1.9953,B,-13.6397,2.9478,-8.8879,16.5447
5.7000,-0.7000,2.0034,B,-0.9137,21.1356,-2.7945,21.3391
5.7000,0.1000,1.9990,A,3.5132,-44.8560,3.5874,45.1361
5.7000,0.9000,2.0176,B,21.9339,-9.5609,2.1462,24.0232
5.7000,1.7000,2.0163,C,18.0589,-11.4326,-24.6666,32.6385
5.7000,2.5000,1.9907,B,-10.3407,21.1087,1.4506,23.5502
5.7000,3.3000,1.9921,B,4.0863,14.0157,-15.3600,21.1912
5.7000,4.1000,1.9988,B,10.6877,6.2365,-12.1348,17.3313
5.7000,4.9000,1.9923,B,-7.6877,-12.9653,7.8436,16.9918
5.7000,5.7000,2.0032,C,4.2183,-10.5662,-29.4412,31.5630
5.7000,6.5000,1.9921,C,3.5797,3.8989,-20.1966,20.8786
5.7000,7.3000,1.9912,B,5.2621,16.5837,6.6750,18.6350
6.5000,-7.1000,2.0059,B,-5.5619,9.6756,0.9008,11.1966
6.5000,-6.3000,2.0038,C,-5.4935,18.4708,-30.8232,36.3514
6.5000,-5.5000,1.9990,C,2.5867,-5.8026,-19.6476,20.6492
6.5000,-4.7000,2.0042,C,-3.6949,12.2245,-19.9522,23.6893
6.5000,-3.9000,2.0008,B,-9.7727,3.7033,12.7868,16.5143
6.5000,-3.1000,2.0118,C,0.2105,4.9002,-30.9746,31.3605
6.5000,-2.3000,2.0143,B,-15.8353,-0.7924,-15.5259,22.1909
6.5000,-1.5000,2.0013,B,-12.2467,-17.9768,1.9209,21.8366
6.5000,-0.7000,2.0095,B,0.0413,22.7921,8.1626,24.2097
6.5000,0.1000,2.0136,C,-4.7840,-4.8772,-33.6036,34.2911
6.5000,0.9000,1.9992,B,5.4123,16.4638,-2.7980,17.5550
6.5000,1.7000,1.9820,C,15.5312,-4.6568,-33.1838,36.9333
6.5000,2.5000,2.0167,C,-0.2696,8.8398,-36.4433,37.5011
6.5000,3.3000,2.0218,B,-13.4978,-9.9386,3.6344,17.1515
6.5000,4.1000,2.0027,B,8.0325,-10.4249,-12.7725,18.3395
6.5000,4.9000,1.9988,B,-6.0867,11.7473,-10.4564,16.8637
6.5000,5.7000,2.0037,B,-15.2655,13.5176,1.2532,20.4287
6.5000,6.5000,2.0054,B,11.9097,-8.1833,-9.0384,17.0441
6.5000,7.3000,1.9996,B,0.4929,22.2148,10.5773,24.6094
7.3000,-7.1000,1.9882,B,-6.8981,6.9631,-12.3745,15.7860
7.3000,-6.3000,2.0092,B,-19.7045,0.0717,11.1697,22.6502
7.3000,-5.5000,1.9909,B,0.8290,14.1067,-4.9108,14.9600
7.3000,-4.7000,2.0027,C,2.9697,0.6030,-35.3216,35.4514
7.3000,-3.9000,2.0014,B,8.7445,19.1374,-2.4060,21.1777
7.3000,-3.1000,1.9986,B,17.0104,14.3125,-0.2539,22.2321
7.3000,-2.3000,2.0037,B,11.9154,9.1031,4.1954,15.5706
7.3000,-1.5000,2.0049,B,-9.8502,20.6712,8.2548,24.3406
7.3000,-0.7000,1.9937,B,15.8053,11.0782,-6.2363,20.2836
7.3000,0.1000,1.9885,B,-3.4726,-6.1120,-2.3786,7.4212
7.3000,0.9000,1.9909,B,15.0747,15.3958,1.2834,21.5853
7.3000,1.7000,1.9887,C,4.6146,-8.9814,-29.3161,31.0063
7.3000,2.5000,1.9805,B,10.8243,14.5243,14.1857,23.0077
7.3000,3.3000,1.9896,B,5.9655,11.2392,-3.0549,13.0859
7.3000,4.1000,1.9875,C,-0.3015,1.2186,-34.4345,34.4574
7.3000,4.9000,2.0040,C,-2.3284,0.0429,-30.4261,30.5151
7.3000,5.7000,1.9943,B,20.1847,-4.9838,7.9264,22.2506
7.3000,6.5000,2.0014,B,-13.8548,2.0928,2.4447,14.2236
7.3000,7.3000,2.0018,B,6.7143,12.1673,-0.4435,13.9040
-7.1000,-7.1000,-2.0041,B,-10.1440,18.0553,0.1062,20.7100
-7.1000,-6.3000,-2.0023,B,11.9605,15.6862,-11.0520,22.6110
-7.1000,-5.5000,-2.0147,B,5.7073,-21.7291,-6.6223,23.4219
-7.1000,-4.7000,-2.0015,B,-18.1828,-3.6268,3.4621,18.8614
-7.1000,-3.9000,-1.9957,C,7.8454,6.0804,-25.2524,27.1331
-7.1000,-3.1000,-2.0008,B,10.8381,-3.2365,-11.9329,16.4418
-7.1000,-2.3000,-1.9933,B,-7.4305,-6.7985,-8.3519,13.0838
-7.1000,-1.5000,-2.0114,B,21.6985,2.5240,-2.9510,22.0432
-7.1000,-0.7000,-2.0026,B,9.4540,-16.7823,7.0776,20.5211
-7.1000,0.1000,-2.0070,B,-11.9925,-16.8463,-5.6535,21.4378
-7.1000,0.9000,-2.0100,C,-6.1685,5.6614,-31.7618,32.8468
-7.1000,1.7000,-1.9907,B,5.0679,2.5768,-2.5644,6.2370
-7.1000,2.5000,-2.0044,C,-11.5413,3.4950,-29.1893,31.5821
-7.1000,3.3000,-1.9967,C,13.4460,-3.8094,-32.4526,35.3338
-7.1000,4.1000,-2.0125,B,0.9987,10.8594,2.7188,11.2390
-7.1000,4.9000,-1.9881,B,8.2179,-2.6306,13.7563,16.2385
-7.1000,5.7000,-2.0063,B,21.9745,8.1196,-0.0782,23.4268
-7.1000,6.5000,-2.0052,B,-16.0332,-16.7916,2.5656,23.3582
-7.1000,7.3000,-1.9907,C,-11.6295,9.8237,-33.2158,36.5382
-6.3000,-7.1000,-1.9999,B,15.6371,5.2738,-10.2080,19.4045
-6.3000,-6.3000,-1.9976,C,-6.6350,6.5302,-30.7179,32.0976
-6.3000,-5.5000,-2.0161,C,-0.9368,-10.2932,-26.8795,28.7982
-6.3000,-4.7000,-2.0123,B,-7.2237,17.1591,6.1345,19.6023
-6.3000,-3.9000,-1.9981,B,-2.6316,3.1202,-2.7095,4.8993
-6.3000,-3.1000,-1.9996,B,-4.0883,-12.3993,-4.1095,13.6874
-6.3000,-2.3000,-2.0147,C,3.6625,6.7016,-36.4206,37.2127
-6.3000,-1.5000,-1.9967,B,-10.7983,15.5796,9.7989,21.3389
-6.3000,-0.7000,-2.0153,C,2.3661,-12.4466,-35.3640,37.5650
-6.3000,0.1000,-2.0097,C,-1.5769,-9.3531,-36.6458,37.8534
-6.3000,0.9000,-1.9954,C,0.2940,4.5542,-25.3686,25.7758
-6.3000,1.7000,-2.0000,B,12.4564,18.6427,-1.5616,22.4756
-6.3000,2.5000,-1.9800,B,7.8620,4.4145,0.9330,9.0648
-6.3000,3.3000,-2.0102,C,-0.7509,-7.7633,-35.3442,36.1945
-6.3000,4.1000,-2.0012,B,-13.1283,5.3053,-8.2022,16.3638
-6.3000,4.9000,-2.0011,B,-7.4819,-8.4846,-10.3943,15.3626
-6.3000,5.7000,-2.0053,B,8.4541,16.9290,-0.3250,18.9253
-6.3000,6.5000,-2.0009,C,-16.5812,6.9918,-34.5920,38.9927
-6.3000,7.3000,-2.0161,B,1.9710,-3.8815,-5.6278,7.1150
-5.5000,-7.1000,-1.9928,B,5.5886,1.3169,5.5820,8.0078
-5.5000,-6.3000,-2.0064,B,7.6823,12.8640,8.3025,17.1299
-5.5000,-5.5000,-1.9897,C,-22.0406,-8.1878,-30.5065,38.5159
-5.5000,-4.7000,-1.9970,B,3.2010,-8.7224,4.4656,10.3087
-5.5000,-3.9000,-2.0047,C,-4.6799,-4.6532,-37.0963,37.6787
-5.5000,-3.1000,-2.0060,C,-7.3803,-6.6041,-35.8115,37.1557
-5.5000,-2.3000,-2.0027,B,5.6504,-6.6644,2.5577,9.1040
-5.5000,-1.5000,-2.0020,A,-30.8577,-8.3478,-18.1513,36.7607
-5.5000,-0.7000,-1.9936,A,28.7841,-16.8620,-12.8881,35.7625
-5.5000,0.1000,-1.9980,A,16.6150,-36.6330,3.4663,40.3738
-5.5000,0.9000,-2.0055,A,11.2510,-0.4677,-22.8137,25.4415
-5.5000,1.7000,-2.0098,C,13.7760,2.5354,-25.7024,29.2715
-5.5000,2.5000,-1.9882,B,3.6848,-16.2597,-4.6575,17.3103
-5.5000,3.3000,-2.0108,B,19.7367,-3.7622,-10.1309,22.5017
-5.5000,4.1000,-2.0052,B,-9.6405,-15.7068,-11.0561,21.4914
-5.5000,4.9000,-2.0046,B,19.3659,3.4530,13.0522,23.6076
-5.5000,5.7000,-1.9951,B,17.8212,-8.5562,6.1844,20.7135
-5.5000,6.5000,-1.9958,B,-1.9024,19.1675,-6.5148,20.3336
-5.5000,7.3000,-1.9921,B,-16.6869,17.6084,1.5469,24.3084
-4.7000,-7.1000,-1.9878,B,2.7641,-10.7409,17.8955,21.0537
-4.7000,-6.3000,-2.0046,B,-21.1599,-7.9135,5.8482,23.3359
-4.7000,-5.5000,-2.0058,B,-4.0424,16.2667,2.7477,16.9852
-4.7000,-4.7000,-1.9879,C,11.0513,-11.8835,-29.8900,34.0112
-4.7000,-3.9000,-1.9936,C,13.8315,4.2364,-21.0605,25.5500
-4.7000,-3.1000,-1.9832,A,3.6029,-26.6721,-27.7206,38.6370
-4.7000,-2.3000,-1.9760,A,-9.0951,-18.1892,-21.4094,29.5285
-4.7000,-1.5000,-1.9807,A,-31.2061,-11.1011,-15.4085,36.5305
-4.7000,-0.7000,-2.0105,A,27.2428,-34.5281,5.2561,44.2943
-4.7000,0.1000,-2.0047,A,8.3029,-11.6831,-24.3636,28.2669
-4.7000,0.9000,-1.9964,A,-11.3591,43.1396,3.1364,44.7201
-4.7000,1.7000,-2.0004,A,-34.2190,16.1133,-3.9040,38.0240
-4.7000,2.5000,-2.0038,A,4.4604,-6.2810,-15.0665,16.9217
-4.7000,3.3000,-2.0015,C,-1.3613,0.9974,-33.5578,33.6002
-4.7000,4.1000,-1.9995,B,-15.7897,0.9429,-10.0811,18.7572
-4.7000,4.9000,-1.9942,C,-14.7233,-5.0932,-19.1517,24.6881
-4.7000,5.7000,-1.9857,C,-2.2099,-12.1964,-34.9682,37.1001
-4.7000,6.5000,-2.0120,B,17.4660,8.1673,-11.2908,22.3438
-4.7000,7.3000,-2.0072,C,-7.8654,-3.2277,-36.8206,37.7894
-3.9000,-7.1000,-2.0012,B,3.7230,-21.6752,2.0936,22.0921
-3.9000,-6.3000,-2.0102,B,19.9271,-8.3675,-7.1918,22.7778
-3.9000,-5.5000,-2.0109,B,-9.6135,-8.9313,3.9411,13.7011
-3.9000,-4.7000,-1.9925,B,-15.3850,12.1446,12.0296,22.9978
-3.9000,-3.9000,-2.0058,A,5.5867,42.7696,-11.4706,44.6321
-3.9000,-3.1000,-1.9998,A,-12.8841,-4.1007,-27.4729,30.6198
-3.9000,-2.3000,-1.9791,A,-15.0005,-6.3906,16.0536,22.8817
-3.9000,-1.5000,-1.9994,A,7.9955,2.8478,-17.1898,19.1710
-3.9000,-0.7000,-2.0054,A,-6.5256,29.0478,-30.5384,42.6492
-3.9000,0.1000,-2.0085,A,-14.2019,-7.1450,-34.4395,37.9318
-3.9000,0.9000,-1.9785,A,25.9189,-12.1677,-25.1720,38.1244
-3.9000,1.7000,-1.9963,A,-28.1819,21.9703,-22.0708,42.0004
-3.9000,2.5000,-2.0036,A,-6.0867,20.2012,-39.5156,44.7953
-3.9000,3.3000,-2.0190,A,-22.2510,-8.6477,-9.2608,25.6057
-3.9000,4.1000,-1.9984,A,-21.6924,-11.2883,-17.8511,30.2762
-3.9000,4.9000,-1.9875,C,19.8334,3.5538,-28.4647,34.8746
-3.9000,5.7000,-2.0121,C,16.1752,10.1112,-29.1195,34.8112
-3.9000,6.5000,-1.9872,B,6.2398,-6.1002,-4.7564,9.9384
-3.9000,7.3000,-1.9765,B,-8.8864,17.0214,2.3268,19.3419
-3.1000,-7.1000,-1.9893,C,-6.7490,-2.0234,-34.6008,35.3109
-3.1000,-6.3000,-2.0014,B,-15.9900,11.8961,-8.8467,21.8050
-3.1000,-5.5000,-1.9945,B,-21.4457,4.1507,-10.6377,24.2962
-3.1000,-4.7000,-1.9816,A,1.1229,-10.8596,-23.3154,25.7449
-3.1000,-3.9000,-2.0071,A,-4.0725,-13.4020,-21.6151,25.7568
-3.1000,-3.1000,-1.9823,A,-4.7546,-16.0480,-27.8265,32.4725
-3.1000,-2.3000,-2.0025,A,12.6395,37.6559,8.6710,40.6561
-3.1000,-1.5000,-2.0089,A,-11.1198,-18.4893,-25.1761,33.1563
-3.1000,-0.7000,-1.9972,A,-20.0697,3.4057,-37.2418,42.4422
-3.1000,0.1000,-1.9951,A,-14.1774,19.6942,-28.4084,37.3618
-3.1000,0.9000,-1.9909,A,2.1352,6.8983,-23.3512,24.4423
-3.1000,1.7000,-2.0019,A,3.0196,10.5205,-30.0055,31.9395
-3.1000,2.5000,-1.9973,A,7.7595,-6.6684,-26.9872,28.8615
-3.1000,3.3000,-1.9865,A,-4.6688,-15.3085,-35.8661,39.2750
-3.1000,4.1000,-1.9910,A,-28.4264,-0.0285,-0.3137,28.4281
-3.1000,4.9000,-1.9811,B,-3.9583,7.8898,-20.7066,22.5096
-3.1000,5.7000,-1.9966,B,3.7388,9.0479,3.6910,10.4627
-3.1000,6.5000,-1.9968,B,-8.2189,-7.2602,-4.5365,11.8676
-3.1000,7.3000,-1.9806,B,18.2080,-9.9294,7.4423,22.0343
-2.3000,-7.1000,-2.0064,B,-0.5676,-8.5446,-21.1925,22.8573
-2.3000,-6.3000,-2.0035,B,10.9135,4.5783,7.3257,13.9188
-2.3000,-5.5000,-2.0052,C,2.1766,-0.6603,-22.6344,22.7484
-2.3000,-4.7000,-2.0054,A,17.2606,10.7442,-34.6179,40.1468
-2.3000,-3.9000,-2.0106,A,14.8406,-13.7507,-36.0461,41.3358
-2.3000,-3.1000,-1.9887,A,11.6082,38.2924,-17.2997,43.5928
-2.3000,-2.3000,-2.0019,A,33.0707,12.0167,-14.0139,37.8743
-2.3000,-1.5000,-2.0082,A,-31.7794,-13.0182,-15.5665,37.7057
-2.3000,-0.7000,-1.9947,A,11.2985,32.3719,-13.3119,36.7805
-2.3000,0.1000,-2.0016,A,13.2072,-19.0173,-29.9498,37.8560
-2.3000,0.9000,-2.0003,A,-18.6977,9.0875,-17.5438,27.2024
-2.3000,1.7000,-1.9965,A,-29.0712,5.4092,-19.6034,35.4779
-2.3000,2.5000,-1.9950,A,-40.6235,-1.1169,-18.2863,44.5635
-2.3000,3.3000,-1.9840,A,-4.3842,8.5154,-23.4512,25.3317
-2.3000,4.1000,-1.9983,A,2.5210,2.9477,-37.5870,37.7866
-2.3000,4.9000,-2.0047,A,-7.9324,40.4618,-17.3924,44.7502
-2.3000,5.7000,-2.0143,B,-6.9459,23.1361,-2.3334,24.2687
-2.3000,6.5000,-1.9894,B,20.5468,8.0429,-9.6519,24.0835
-2.3000,7.3000,-2.0001,C,8.2549,2.3209,-30.5919,31.7709
-1.5000,-7.1000,-2.0091,B,23.4985,2.7532,-2.3553,23.7762
-1.5000,-6.3000,-2.0206,B,-13.1860,14.2717,-2.2825,19.5643
-1.5000,-5.5000,-1.9993,A,1.9008,29.3426,-11.1682,31.4537
-1.5000,-4.7000,-1.9945,A,-11.2670,-6.5420,-39.7896,41.8683
-1.5000,-3.9000,-2.0041,A,-8.0599,25.8165,-36.0337,45.0542
-1.5000,-3.1000,-2.0005,A,-20.0068,6.5556,-17.7458,27.5347
-1.5000,-2.3000,-1.9977,A,-4.7604,-15.2008,10.0104,18.8131
-1.5000,-1.5000,-1.9952,A,3.9463,0.9261,-27.1621,27.4629
-1.5000,-0.7000,-1.9960,A,-0.8839,30.8945,-14.7426,34.2432
-1.5000,0.1000,-2.0096,A,-3.0608,-17.3689,-13.0990,21.9688
-1.5000,0.9000,-2.0138,A,-10.9820,-23.2200,-32.1905,41.1826
-1.5000,1.7000,-1.9844,A,-28.7499,-1.4007,-10.3764,30.5972
-1.5000,2.5000,-2.0058,A,-9.5376,-16.9397,-32.9855,38.2879
-1.5000,3.3000,-2.0145,A,-11.7128,-21.7099,-31.2312,39.7982
-1.5000,4.1000,-2.0051,A,4.3861,5.4437,-11.5278,13.4819
-1.5000,4.9000,-1.9880,A,-8.9085,-16.2016,-32.5118,37.4015
-1.5000,5.7000,-2.0073,B,13.2906,17.9557,4.0408,22.7019
-1.5000,6.5000,-2.0232,B,-5.9715,-0.1593,-10.2521,11.8655
-1.5000,7.3000,-2.0118,B,5.8953,7.8418,10.7137,14.5269
-0.7000,-7.1000,-2.0105,C,-0.9230,5.1559,-34.9377,35.3282
-0.7000,-6.3000,-1.9994,B,-11.4767,-1.2999,-4.4554,12.3796
-0.7000,-5.5000,-1.9767,A,-26.1280,-6.1422,-27.5722,38.4789
-0.7000,-4.7000,-2.0021,A,-15.0338,-3.1536,-21.7468,26.6249
-0.7000,-3.9000,-2.0024,A,-28.9521,25.3722,-18.5560,42.7352
-0.7000,-3.1000,-1.9879,A,-25.8194,-9.9078,-31.8312,42.1667
-0.7000,-2.3000,-2.0076,A,-28.3580,-8.6095,-5.1160,30.0745
-0.7000,-1.5000,-2.0054,A,1.9392,25.5890,-15.1574,29.8044
-0.7000,-0.7000,-2.0012,A,-4.5953,33.8941,-25.6652,42.7625
-0.7000,0.1000,-1.9998,A,16.7207,-32.8623,-13.7721,39.3597
-0.7000,0.9000,-2.0003,A,12.3672,37.6021,-18.4437,43.6696
-0.7000,1.7000,-2.0089,A,-28.6478,8.8452,-20.9157,36.5568
-0.7000,2.5000,-2.0036,A,2.0917,-39.5186,-18.2841,43.5936
-0.7000,3.3000,-1.9945,A,21.7047,33.1575,-15.3388,42.4946
-0.7000,4.1000,-1.9931,A,-28.9670,-0.1190,-28.2487,40.4610
-0.7000,4.9000,-2.0140,A,-17.9188,-15.7534,-22.4718,32.7756
-0.7000,5.7000,-2.0025,B,-8.1818,-9.7980,-9.4456,15.8796
-0.7000,6.5000,-1.9943,B,-6.8971,10.5318,-3.6303,13.1023
-0.7000,7.3000,-1.9916,B,14.2363,-13.1737,8.3354,21.1116
0.1000,-7.1000,-2.0011,C,-0.2770,-8.8615,-37.7948,38.8208
0.1000,-6.3000,-1.9954,B,6.6582,10.5238,2.0930,12.6278
0.1000,-5.5000,-2.0055,A,-22.0713,22.8355,-6.8445,32.4877
0.1000,-4.7000,-1.9928,A,-21.1226,-1.7891,-8.3075,22.7679
0.1000,-3.9000,-1.9829,A,-10.7379,2.9189,-28.0846,30.2087
0.1000,-3.1000,-2.0108,A,13.1291,11.9621,-14.5769,22.9772
0.1000,-2.3000,-1.9885,A,3.6418,34.4750,-25.1301,42.8172
0.1000,-1.5000,-2.0071,A,-0.1487,24.1899,-17.6075,29.9199
0.1000,-0.7000,-1.9849,A,25.6961,11.5999,-27.2149,39.1854
0.1000,0.1000,-2.0062,A,-6.5044,10.6138,-18.7000,22.4645
0.1000,0.9000,-1.9888,A,24.0175,-22.4096,-7.0279,33.5920
0.1000,1.7000,-1.9939,A,-0.2261,19.5746,-39.6968,44.2612
0.1000,2.5000,-1.9952,A,-26.4297,-13.6947,-27.6495,40.6272
0.1000,3.3000,-1.9997,A,-9.7429,-11.0954,-31.1706,34.4911
0.1000,4.1000,-1.9870,A,10.5871,6.1564,-10.6276,16.2152
0.1000,4.9000,-1.9970,A,-5.1480,-0.3188,-25.4883,26.0049
0.1000,5.7000,-2.0039,A,-16.1807,19.4559,-18.1213,31.1244
0.1000,6.5000,-1.9941,C,10.6627,-6.0937,-28.0182,30.5916
0.1000,7.3000,-1.9942,B,7.6146,9.6375,-12.6118,17.6045
0.9000,-7.1000,-1.9845,C,-1.1155,-1.1950,-22.0763,22.1367
0.9000,-6.3000,-1.9960,B,-12.3564,7.1576,9.7259,17.2773
0.9000,-5.5000,-1.9967,A,-7.4119,-6.3166,-31.1851,32.6702
0.9000,-4.7000,-2.0124,A,-3.5804,11.7942,-24.4715,27.4003
0.9000,-3.9000,-1.9902,A,-28.9087,-1.2871,-26.0752,38.9524
0.9000,-3.1000,-2.0060,A,1.8554,19.5800,-32.4146,37.9147
0.9000,-2.3000,-2.0014,A,-11.6038,-2.2257,-35.3377,37.2606
0.9000,-1.5000,-2.0026,A,-34.2422,-9.8801,-7.0374,36.3273
0.9000,-0.7000,-1.9950,A,-12.8364,36.0619,-16.6439,41.7404
0.9000,0.1000,-1.9976,A,4.2567,4.5634,-44.6352,45.0693
0.9000,0.9000,-1.9896,A,-14.4808,7.3168,-5.8557,17.2487
0.9000,1.7000,-1.9929,A,-4.1934,-14.5177,-36.5613,39.5611
0.9000,2.5000,-1.9814,A,-24.5856,10.0504,11.1903,28.8216
0.9000,3.3000,-2.0147,A,-13.0326,-17.1166,-34.1952,40.3997
0.9000,4.1000,-1.9780,A,5.5882,-10.6687,-8.7846,14.9070
0.9000,4.9000,-2.0018,A,24.8061,12.0469,-17.2026,32.5023
0.9000,5.7000,-1.9808,B,6.8239,1.1450,-4.8066,8.4250
0.9000,6.5000,-2.0208,B,19.5898,5.8395,-6.8560,21.5607
0.9000,7.3000,-2.0027,B,0.4457,19.6562,4.6176,20.1962
1.7000,-7.1000,-2.0021,C,4.5782,-7.9527,-37.0356,38.1555
1.7000,-6.3000,-2.0042,C,11.1512,6.0978,-34.1685,36.4557
1.7000,-5.5000,-1.9934,B,9.6469,-16.0784,6.9143,19.9846
1.7000,-4.7000,-2.0009,A,-9.4907,9.3573,-28.9824,31.9000
1.7000,-3.9000,-1.9882,A,21.7511,-9.9316,-26.8883,35.9823
1.7000,-3.1000,-2.0151,A,15.8529,7.5608,-26.2615,31.5934
1.7000,-2.3000,-2.0148,A,-22.5689,3.4871,-38.0230,44.3538
1.7000,-1.5000,-2.0048,A,3.0692,-22.0684,-28.5145,36.1872
1.7000,-0.7000,-2.0101,A,-5.2560,-4.1586,-22.1631,23.1543
1.7000,0.1000,-1.9750,A,-15.7421,12.7586,-26.7957,33.5947
1.7000,0.9000,-1.9984,A,2.2209,-1.9168,-31.3495,31.4865
1.7000,1.7000,-1.9984,A,7.4202,18.2434,-37.0387,41.9494
1.7000,2.5000,-2.0018,A,9.5282,-13.6158,-5.1101,17.3865
1.7000,3.3000,-1.9882,A,8.9488,7.5736,-27.0222,29.4557
1.7000,4.1000,-1.9993,A,-17.2231,-26.9002,-25.4620,40.8481
1.7000,4.9000,-2.0126,A,-19.8574,23.8760,-26.5284,40.8429
1.7000,5.7000,-2.0075,C,-4.8913,2.9221,-28.2695,28.8380
1.7000,6.5000,-1.9911,B,23.3206,-1.7001,-0.8371,23.3975
1.7000,7.3000,-1.9945,B,12.5242,-11.8230,7.0447,18.6082
2.5000,-7.1000,-1.9943,C,6.6973,1.8304,-34.5864,35.2764
2.5000,-6.3000,-1.9758,B,2.7950,20.5281,-12.9982,24.4575
2.5000,-5.5000,-2.0108,B,4.9053,2.9899,19.3018,20.1385
2.5000,-4.7000,-1.9995,A,-9.1650,-12.1737,-27.2154,31.1910
2.5000,-3.9000,-2.0119,A,-6.4098,-23.7030,-35.2174,42.9323
2.5000,-3.1000,-1.9985,A,2.7517,14.6579,-27.2217,31.0394
2.5000,-2.3000,-2.0002,A,-13.3568,2.4114,-32.3386,35.0714
2.5000,-1.5000,-1.9816,A,0.9033,23.6286,-8.5920,25.1585
2.5000,-0.7000,-2.0048,A,-18.4556,3.8631,-2.2125,18.9849
2.5000,0.1000,-2.0013,A,12.5860,25.7403,-35.0685,45.2854
2.5000,0.9000,-1.9967,A,19.2173,-20.0732,-2.8735,27.9374
2.5000,1.7000,-1.9904,A,12.5449,-19.6539,-29.0104,37.2190
2.5000,2.5000,-2.0008,A,-11.9324,5.4549,-13.8867,19.1045
2.5000,3.3000,-2.0124,A,-5.8215,-26.4773,-32.4011,42.2465
2.5000,4.1000,-2.0072,A,2.7086,-12.4928,-32.0721,34.5257
2.5000,4.9000,-2.0077,A,16.7431,-20.5039,-27.5342,38.1952
2.5000,5.7000,-1.9820,C,5.7612,24.0112,-23.4047,34.0222
2.5000,6.5000,-2.0059,B,-0.0769,8.6370,1.7143,8.8059
2.5000,7.3000,-2.0075,B,22.1953,2.7986,6.8582,23.3986
3.3000,-7.1000,-2.0245,B,-2.4034,-4.2530,-14.4869,15.2884
3.3000,-6.3000,-1.9977,C,-8.2627,-7.5859,-36.2593,37.9547
3.3000,-5.5000,-2.0083,C,-12.0328,5.7754,-19.8651,23.9325
3.3000,-4.7000,-1.9818,C,-8.3271,-9.7543,-18.3131,22.3575
3.3000,-3.9000,-1.9894,A,-22.1830,-1.8221,-14.3113,26.4617
3.3000,-3.1000,-2.0034,A,-18.0362,12.6035,-31.0234,38.0343
3.3000,-2.3000,-2.0067,A,19.4324,-5.7742,-21.2351,29.3580
3.3000,-1.5000,-1.9909,A,-14.7769,13.7610,-37.0045,42.1551
3.3000,-0.7000,-2.0083,A,8.0908,-2.2009,-34.6953,35.6941
3.3000,0.1000,-2.0042,A,0.6932,25.0173,-36.3754,44.1534
3.3000,0.9000,-1.9873,A,16.6740,1.5085,-34.9580,38.7603
3.3000,1.7000,-1.9899,A,0.9896,0.5037,-16.1228,16.1610
3.3000,2.5000,-1.9904,A,-23.1582,18.7171,0.4802,29.7802
3.3000,3.3000,-1.9953,A,-27.3139,28.6668,-9.3505,40.6849
3.3000,4.1000,-2.0030,A,-8.6642,2.6471,-36.8731,37.9698
3.3000,4.9000,-1.9973,B,11.0928,-0.7295,1.8723,11.2733
3.3000,5.7000,-2.0124,C,-12.2647,-12.3764,-29.6724,34.4100
3.3000,6.5000,-1.9909,B,-23.2659,5.9314,3.8437,24.3158
3.3000,7.3000,-2.0081,B,20.2391,9.6977,-2.0004,22.5315
4.1000,-7.1000,-1.9916,B,16.9333,-9.9726,-4.5821,20.1788
4.1000,-6.3000,-2.0087,B,-2.4535,-14.6444,-11.6523,18.8747
4.1000,-5.5000,-2.0035,B,1.9056,4.5609,-3.1041,5.8368
4.1000,-4.7000,-1.9859,B,18.5556,-14.0617,-0.5255,23.2878
4.1000,-3.9000,-1.9673,A,-8.4539,14.7612,-18.5630,25.1783
4.1000,-3.1000,-2.0159,A,-3.7310,-15.4762,-37.5686,40.8023
4.1000,-2.3000,-1.9887,A,13.3447,33.4636,-23.1734,42.8357
4.1000,-1.5000,-1.9974,A,12.4236,7.6611,-18.3728,23.4649
4.1000,-0.7000,-1.9991,A,4.9920,-6.1419,-35.6191,36.4879
4.1000,0.1000,-2.0018,A,15.6529,-6.5809,-17.0356,24.0527
4.1000,0.9000,-1.9935,A,26.2608,-17.2360,-20.0710,37.2768
4.1000,1.7000,-2.0015,A,-7.3350,-20.5411,-37.7203,43.5725
4.1000,2.5000,-1.9904,A,-5.5024,-5.9032,-10.1202,12.9438
4.1000,3.3000,-1.9878,A,-37.9904,17.6386,-7.8569,42.6160
4.1000,4.1000,-2.0164,C,-0.9456,-14.8823,-33.4717,36.6433
4.1000,4.9000,-1.9945,C,-3.1571,-8.0973,-21.8932,23.5552
4.1000,5.7000,-2.0022,C,7.1192,9.5825,-25.0284,27.7296
4.1000,6.5000,-1.9955,B,1.8187,-2.0915,6.6628,7.2162
4.1000,7.3000,-1.9970,C,-22.7405,10.8500,-18.4863,31.2506
4.9000,-7.1000,-2.0306,B,13.7265,-16.6053,0.3811,21.5476
4.9000,-6.3000,-2.0033,B,-18.2520,7.7668,-0.9999,19.8610
4.9000,-5.5000,-2.0010,C,1.3089,4.2369,-33.8652,34.1543
4.9000,-4.7000,-1.9888,B,-10.9875,-13.5104,7.7526,19.0620
4.9000,-3.9000,-1.9852,B,5.5586,-9.3193,-7.2707,13.0618
4.9000,-3.1000,-2.0241,C,5.8548,-14.3332,-26.9927,31.1179
4.9000,-2.3000,-1.9967,A,-18.3552,-30.6099,-23.7399,42.8657
4.9000,-1.5000,-2.0128,A,1.5481,-2.1077,-28.0649,28.1865
4.9000,-0.7000,-2.0061,A,20.8119,12.6479,-19.0318,30.9081
4.9000,0.1000,-1.9914,A,-14.3754,5.0620,-15.5056,21.7417
4.9000,0.9000,-1.9973,A,8.7464,8.8814,-32.1752,34.5054
4.9000,1.7000,-1.9942,A,22.4410,-10.0353,-11.2098,27.0178
4.9000,2.5000,-2.0079,A,-10.6729,7.1157,6.3884,14.3303
4.9000,3.3000,-1.9882,B,-4.4476,3.7923,-20.2835,21.1088
4.9000,4.1000,-2.0112,B,-10.3554,-2.1830,8.7928,13.7591
4.9000,4.9000,-1.9861,C,-1.3610,7.3876,-35.7042,36.4859
4.9000,5.7000,-2.0116,C,1.2034,4.0386,-37.8333,38.0672
4.9000,6.5000,-1.9845,C,-9.9991,11.2670,-28.2760,32.0384
4.9000,7.3000,-1.9965,B,-5.6317,18.8610,-0.6673,19.6951
5.7000,-7.1000,-2.0077,B,16.3553,-7.0604,-14.8909,23.2182
5.7000,-6.3000,-2.0044,B,-3.1066,-16.3443,16.4323,23.3839
5.7000,-5.5000,-1.9855,B,12.7338,-16.9496,5.7484,21.9655
5.7000,-4.7000,-2.0041,B,-17.3317,-8.2679,3.5183,19.5224
5.7000,-3.9000,-2.0011,C,14.9067,-5.2264,-34.9656,38.3682
5.7000,-3.1000,-2.0015,C,7.0388,1.9790,-29.4033,30.2988
5.7000,-2.3000,-1.9956,B,-16.9182,12.8265,8.2579,22.7802
5.7000,-1.5000,-1.9953,B,-13.6397,2.9478,-8.8879,16.5447
5.7000,-0.7000,-2.0034,B,-0.9137,21.1356,-2.7945,21.3391
5.7000,0.1000,-1.9990,A,3.5132,-44.8560,3.5874,45.1361
5.7000,0.9000,-2.0176,B,21.9339,-9.5609,2.1462,24.0232
5.7000,1.7000,-2.0163,C,18.0589,-11.4326,-24.6666,32.6385
5.7000,2.5000,-1.9907,B,-10.3407,21.1087,1.4506,23.5502
5.7000,3.3000,-1.9921,B,4.0863,14.0157,-15.3600,21.1912
5.7000,4.1000,-1.9988,B,10.6877,6.2365,-12.1348,17.3313
5.7000,4.9000,-1.9923,B,-7.6877,-12.9653,7.8436,16.9918
5.7000,5.7000,-2.0032,C,4.2183,-10.5662,-29.4412,31.5630
5.7000,6.5000,-1.9921,C,3.5797,3.8989,-20.1966,20.8786
5.7000,7.3000,-1.9912,B,5.2621,16.5837,6.6750,18.6350
6.5000,-7.1000,-2.0059,B,-5.5619,9.6756,0.9008,11.1966
6.5000,-6.3000,-2.0038,C,-5.4935,18.4708,-30.8232,36.3514
6.5000,-5.5000,-1.9990,C,2.5867,-5.8026,-19.6476,20.6492
6.5000,-4.7000,-2.0042,C,-3.6949,12.2245,-19.9522,23.6893
6.5000,-3.9000,-2.0008,B,-9.7727,3.7033,12.7868,16.5143
6.5000,-3.1000,-2.0118,C,0.2105,4.9002,-30.9746,31.3605
6.5000,-2.3000,-2.0143,B,-15.8353,-0.7924,-15.5259,22.1909
6.5000,-1.5000,-2.0013,B,-12.2467,-17.9768,1.9209,21.8366
6.5000,-0.7000,-2.0095,B,0.0413,22.7921,8.1626,24.2097
6.5000,0.1000,-2.0136,C,-4.7840,-4.8772,-33.6036,34.2911
6.5000,0.9000,-1.9992,B,5.4123,16.4638,-2.7980,17.5550
6.5000,1.7000,-1.9820,C,15.5312,-4.6568,-33.1838,36.9333
6.5000,2.5000,-2.0167,C,-0.2696,8.8398,-36.4433,37.5011
6.5000,3.3000,-2.0218,B,-13.4978,-9.9386,3.6344,17.1515
6.5000,4.1000,-2.0027,B,8.0325,-10.4249,-12.7725,18.3395
6.5000,4.9000,-1.9988,B,-6.0867,11.7473,-10.4564,16.8637
6.5000,5.7000,-2.0037,B,-15.2655,13.5176,1.2532,20.4287
6.5000,6.5000,-2.0054,B,11.9097,-8.1833,-9.0384,17.0441
6.5000,7.3000,-1.9996,B,0.4929,22.2148,10.5773,24.6094
7.3000,-7.1000,-1.9882,B,-6.8981,6.9631,-12.3745,15.7860
7.3000,-6.3000,-2.0092,B,-19.7045,0.0717,11.1697,22.6502
7.3000,-5.5000,-1.9909,B,0.8290,14.1067,-4.9108,14.9600
7.3000,-4.7000,-2.0027,C,2.9697,0.6030,-35.3216,35.4514
7.3000,-3.9000,-2.0014,B,8.7445,19.1374,-2.4060,21.1777
7.3000,-3.1000,-1.9986,B,17.0104,14.3125,-0.2539,22.2321
7.3000,-2.3000,-2.0037,B,11.9154,9.1031,4.1954,15.5706
7.3000,-1.5000,-2.0049,B,-9.8502,20.6712,8.2548,24.3406
7.3000,-0.7000,-1.9937,B,15.8053,11.0782,-6.2363,20.2836
7.3000,0.1000,-1.9885,B,-3.4726,-6.1120,-2.3786,7.4212
7.3000,0.9000,-1.9909,B,15.0747,15.3958,1.2834,21.5853
7.3000,1.7000,-1.9887,C,4.6146,-8.9814,-29.3161,31.0063
7.3000,2.5000,-1.9805,B,10.8243,14.5243,14.1857,23.0077
7.3000,3.3000,-1.9896,B,5.9655,11.2392,-3.0549,13.0859
7.3000,4.1000,-1.9875,C,-0.3015,1.2186,-34.4345,34.4574
7.3000,4.9000,-2.0040,C,-2.3284,0.0429,-30.4261,30.5151
7.3000,5.7000,-1.9943,B,20.1847,-4.9838,7.9264,22.2506
7.3000,6.5000,-2.0014,B,-13.8548,2.0928,2.4447,14.2236
7.3000,7.3000,-2.0018,B,6.7143,12.1673,-0.4435,13.9040
